Workbook
Name ACTION: #REF!
Name ACTION: #REF!

Sheet Cover
B2: SYSTEM TEST REPORT DOCUMENT
A4: Project Name | B4: SakuJi JLPT Learning Platform | E4: Creator | F4: Senior QA Automation Engineer
A5: Project Code | B5: SAKUJI-JLPT | E5: Issue Date | F5: 46229
A6: Document Code | B6: ="SAKUJI-JLPT_ST_v3.0" | E6: Version | F6: 3.0
A9: Record of change
A10: Effective Date | B10: Version | C10: Change Item | D10: *A,D,M | E10: Change description | F10: Reference
A11: 46229 | B11: 3.0 | C11: Complete System Test Suite | D11: A | E11: Imported 142 detailed test cases, traceability and execution baseline from SystemTest.md. | F11: SystemTest.md; docs/00-Tong-Quan-He-Thong.md
A12: 46229 | B12: 3.1 | C12: Codex QA | D12: System Test execution | E12: Round 1 recorded in English: 11 Passed, 131 Pending, 0 Failed. Backend 120/120 and frontend 18/18 automated tests passed.

Sheet Test Cases
D1: TEST CASE LIST
B3: Project Name | D3: SakuJi JLPT Learning Platform
B4: Project Code | D4: SAKUJI-JLPT
B5: Test Environment Setup Description | D5: Java 21; Spring Boot 3.3.3; Node.js 24; React 18; MySQL 8.4 target; Chrome/Firefox/Edge; SMTP/OAuth sandbox; Playwright/REST system runner proposed. Current execution baseline used H2 because Docker/MySQL was unavailable.
B8: No | C8: Function Name | D8: Sheet Name | E8: Description | F8: Pre-Condition
B9: 1 | C9: Auth / Public | D9: Auth_Public | E9: Authentication, public pages, session and route guards | F9: Environment and actor fixtures prepared; dependent workflows completed.
B10: 2 | C10: Student | D10: Student | E10: Student learning, profile, assessment, support and notification | F10: Environment and actor fixtures prepared; dependent workflows completed.
B11: 3 | C11: Staff | D11: Staff | E11: Staff dashboard, authoring, support, broadcast and grading | F11: Environment and actor fixtures prepared; dependent workflows completed.
B12: 4 | C12: Manager | D12: Manager | E12: StaffManager review, publish, restore and coordination | F12: Environment and actor fixtures prepared; dependent workflows completed.
B13: 5 | C13: Admin | D13: Admin | E13: Admin dashboard, users, settings, audit and notification rules | F13: Environment and actor fixtures prepared; dependent workflows completed.
B14: 6 | C14: CrossRole / Security | D14: CrossRole_Security | E14: Cross-role authorization, security, reliability, UI and database | F14: Environment and actor fixtures prepared; dependent workflows completed.

Sheet Test Statistics
B1: TEST STATISTICS
B3: Project Name | C3: SakuJi JLPT Learning Platform | E3: Creator | G3: Senior QA Automation Engineer
B4: Project Code | C4: SAKUJI-JLPT | E4: Reviewer/Approver | G4: TBD
B5: Document Code | C5: ="SAKUJI-JLPT_Test Report_v3.0" | E5: Issue Date | H5: 46229
B6: Notes | C6: Release scope: all 40 use cases and 142 detailed System Test IDs. Round 1 remains Pending until full-stack/browser execution.
B10: No | C10: Module code | D10: Passed | E10: Failed | F10: Pending | G10: N/A | H10: Number of test cases
B11: 1 | C11: ='Auth_Public'!B2 | D11: ='Auth_Public'!B6 | E11: ='Auth_Public'!C6 | F11: ='Auth_Public'!D6 | G11: ='Auth_Public'!E6 | H11: ='Auth_Public'!B4
B12: 2 | C12: ='Student'!B2 | D12: ='Student'!B6 | E12: ='Student'!C6 | F12: ='Student'!D6 | G12: ='Student'!E6 | H12: ='Student'!B4
B13: 3 | C13: ='Staff'!B2 | D13: ='Staff'!B6 | E13: ='Staff'!C6 | F13: ='Staff'!D6 | G13: ='Staff'!E6 | H13: ='Staff'!B4
B14: 4 | C14: ='Manager'!B2 | D14: ='Manager'!B6 | E14: ='Manager'!C6 | F14: ='Manager'!D6 | G14: ='Manager'!E6 | H14: ='Manager'!B4
B15: 5 | C15: ='Admin'!B2 | D15: ='Admin'!B6 | E15: ='Admin'!C6 | F15: ='Admin'!D6 | G15: ='Admin'!E6 | H15: ='Admin'!B4
B16: 6 | C16: ='CrossRole_Security'!B2 | D16: ='CrossRole_Security'!B6 | E16: ='CrossRole_Security'!C6 | F16: ='CrossRole_Security'!D6 | G16: ='CrossRole_Security'!E6 | H16: ='CrossRole_Security'!B4
C17: Sub total | D17: =SUM(D11:D16) | E17: =SUM(E11:E16) | F17: =SUM(F11:F16) | G17: =SUM(G11:G16) | H17: =SUM(H11:H16)
C19: Test coverage | E19: =(D17+E17)*100/(H17-G17) | F19: %
C20: Test successful coverage | E20: =D17*100/(H17-G17) | F20: %

Sheet Auth_Public
A2: Workflow | B2: Auth_Public | R2: Passed
A3: Test requirement | B3: Authentication, public pages, session and route guards | R3: Failed
A4: Number of TCs | B4: =COUNTA(A12:A1000) | R4: Pending
A5: Testing Round | B5: Passed | C5: Failed | D5: Pending | E5: N/A | R5: N/A
A6: Round 1 | B6: =COUNTIF($F$12:$F$1000,"Passed") | C6: =COUNTIF($F$12:$F$1000,"Failed") | D6: =COUNTIF($F$12:$F$1000,"Pending") | E6: =COUNTIF($F$12:$F$1000,"N/A")
A7: Round 2 | B7: =COUNTIF($I$12:$I$1000,"Passed") | C7: =COUNTIF($I$12:$I$1000,"Failed") | D7: =COUNTIF($I$12:$I$1000,"Pending") | E7: =COUNTIF($I$12:$I$1000,"N/A")
A8: Round 3 | B8: =COUNTIF($L$12:$L$1000,"Passed") | C8: =COUNTIF($L$12:$L$1000,"Failed") | D8: =COUNTIF($L$12:$L$1000,"Pending") | E8: =COUNTIF($L$12:$L$1000,"N/A")
A10: Test Case ID | B10: Test Case Description | C10: Test Case Procedure | D10: Expected Results | E10: Pre-conditions | F10: Round 1 | G10: Test date | H10: Tester | I10: Round 2 | J10: Test date | K10: Tester | L10: Round 3 | M10: Test date | N10: Tester | O10: Note
A11: Scenario: Public
A12: AUTH-001 | B12: [Khách] Landing/menu | C12: 1. Mở `/` 2. kiểm tra logo, menu, CTA 3. đi tới Features/Blog/Login/Register | D12: Trang render không lỗi; menu/CTA điều hướng đúng; không lộ menu protected | E12: App running | F12: Pending | G12: 46229 | H12: Codex QA | I12: Pending | L12: Pending | O12: Test Data: N/A Priority: P1 Type: Smoke, UI ROUND 1 ACTUAL RESULT (26 Jul 2026): PENDING — Frontend unit tests, lint, and production build passed, but no Playwright/Cypress browser runner is configured for this end-to-end UI scenario.
A13: Scenario: Auth
A14: AUTH-002 | B14: [Khách] Register positive | C14: 1. Mở Register 2. nhập hợp lệ 3. submit | D14: API 201/200; Student `pending`; email OTP được gửi; UI chuyển verify | E14: Email chưa tồn tại | F14: Pending | G14: 46229 | H14: Codex QA | I14: Pending | L14: Pending | O14: Test Data: email mới, `PWD-OK`, `JP-TEXT` name Priority: P0 Type: Functional, Integration ROUND 1 ACTUAL RESULT (26 Jul 2026): PENDING — The relevant external provider/file-delivery workflow was not available as a complete System Test environment. Mocked automated checks passed where present.
A15: AUTH-003 | B15: [Khách] Register invalid/boundary | C15: 1. Submit rỗng 2. email sai 3. password dưới/đúng/trên giới hạn 4. name Unicode dài | D15: Client và server cùng chặn; field message rõ; không tạo DB row | E15: None | F15: Pending | G15: 46229 | H15: Codex QA | I15: Pending | L15: Pending | O15: Test Data: invalid/boundary set Priority: P1 Type: Negative, Boundary ROUND 1 ACTUAL RESULT (26 Jul 2026): PENDING — No automated test directly covers every step and expected result of this System Test. Backend 120/120 and frontend 18/18 automated tests passed, but manual/full-stack execution is still required.
A16: AUTH-004 | B16: [Khách] Register duplicate/race | C16: Gửi hai register đồng thời cùng email | D16: Chỉ một account; request còn lại 409/validation; không duplicate | E16: Email đã có | F16: Pending | G16: 46229 | H16: Codex QA | I16: Pending | L16: Pending | O16: Test Data: same email Priority: P0 Type: Concurrent, Database ROUND 1 ACTUAL RESULT (26 Jul 2026): PENDING — The relevant external provider/file-delivery workflow was not available as a complete System Test environment. Mocked automated checks passed where present.
A17: AUTH-005 | B17: [Khách] Verify OTP positive | C17: 1. Mở `/verify-email` 2. nhập OTP 3. submit | D17: `email_verified_at` được set; token không tái sử dụng; có thể login | E17: `U-STU-P`, OTP còn hạn | F17: Pending | G17: 46229 | H17: Codex QA | I17: Pending | L17: Pending | O17: Test Data: OTP đúng 6 số Priority: P0 Type: Functional ROUND 1 ACTUAL RESULT (26 Jul 2026): PENDING — The relevant external provider/file-delivery workflow was not available as a complete System Test environment. Mocked automated checks passed where present.
A18: AUTH-006 | B18: [Khách] Verify/resend negative | C18: 1. Nhập OTP sai, hết hạn, đã dùng 2. resend liên tục | D18: Không verify; thông báo an toàn; rate/expiry được tôn trọng; OTP mới vô hiệu OTP cũ nếu thiết kế | E18: Pending account | F18: Pending | G18: 46229 | H18: Codex QA | I18: Pending | L18: Pending | O18: Test Data: invalid OTP Priority: P1 Type: Negative, Security ROUND 1 ACTUAL RESULT (26 Jul 2026): PENDING — The relevant external provider/file-delivery workflow was not available as a complete System Test environment. Mocked automated checks passed where present.
A19: AUTH-007 | B19: [Mọi role] Login positive | C19: Login lần lượt Student/Staff/Manager/Admin | D19: Token đúng actor/role; redirect `/dashboard`, `/staff`, `/manager`, `/admin` | E19: Account active | F19: Pending | G19: 46229 | H19: Codex QA | I19: Pending | L19: Pending | O19: Test Data: valid credentials Priority: P0 Type: Smoke, Functional ROUND 1 ACTUAL RESULT (26 Jul 2026): PARTIALLY EXECUTED — AuthControllerIntegrationTest passed Student login; Staff, Manager, Admin redirects, and browser behavior were not executed.
A20: AUTH-008 | B20: [Mọi role] Login invalid | C20: 1. Sai password 2. email lạ 3. rỗng 4. SQL/XSS | D20: 401/validation; message không tiết lộ account; không login | E20: Account exists | F20: Pending | G20: 46229 | H20: Codex QA | I20: Pending | L20: Pending | O20: Test Data: invalid set Priority: P0 Type: Negative, Security ROUND 1 ACTUAL RESULT (26 Jul 2026): PARTIALLY EXECUTED — AuthControllerIntegrationTest passed valid and bad-credential cases; empty, SQL/XSS, and all-role UI cases were not executed.
A21: AUTH-009 | B21: [Mọi role] Lock/suspend/deleted | C21: Login | D21: Bị từ chối; không cấp token; lý do phù hợp không lộ dữ liệu nhạy cảm | E21: Account locked/suspended/deleted | F21: Pending | G21: 46229 | H21: Codex QA | I21: Pending | L21: Pending | O21: Test Data: accounts by state Priority: P0 Type: Permission, Security ROUND 1 ACTUAL RESULT (26 Jul 2026): PARTIALLY EXECUTED — AuthenticationServiceTest passed suspended and locked account checks; deleted account and all-role API/UI coverage remain.
A22: Scenario: Staff Auth
A23: AUTH-010 | B23: [Staff] Setup password | C23: 1. Mở setup 2. nhập/confirm password 3. submit | D23: Password hash lưu; token revoked; login Staff thành công | E23: Valid setup token | F23: Pending | G23: 46229 | H23: Codex QA | I23: Pending | L23: Pending | O23: Test Data: `PWD-OK` Priority: P0 Type: Functional ROUND 1 ACTUAL RESULT (26 Jul 2026): PENDING — No automated test directly covers every step and expected result of this System Test. Backend 120/120 and frontend 18/18 automated tests passed, but manual/full-stack execution is still required.
A24: AUTH-011 | B24: [Staff] Temp-password workflow | C24: 1. Login temp 2. thử truy cập Staff page 3. đổi password | D24: Chỉ limited session; buộc đổi; sau đổi temp password hết hiệu lực | E24: Admin issued temp password | F24: Pending | G24: 46229 | H24: Codex QA | I24: Pending | L24: Pending | O24: Test Data: temp + new Priority: P0 Type: Security, Integration ROUND 1 ACTUAL RESULT (26 Jul 2026): PARTIALLY EXECUTED — AuthenticationServiceTest verified limited Staff sessions for temporary passwords; the complete password-change browser workflow remains.
A25: AUTH-012 | B25: [Staff] Forgot request | C25: Submit forgot nhiều lần | D25: Reset request pending duy nhất hợp lệ; Admin thấy request; chống account enumeration | E25: Active Staff | F25: Pending | G25: 46229 | H25: Codex QA | I25: Pending | L25: Pending | O25: Test Data: staff email Priority: P1 Type: Functional, Security ROUND 1 ACTUAL RESULT (26 Jul 2026): PENDING — The relevant external provider/file-delivery workflow was not available as a complete System Test environment. Mocked automated checks passed where present.
A26: Scenario: Auth
A27: AUTH-013 | B27: [Khách] Forgot/reset Student | C27: 1. Request reset 2. dùng token 3. login password mới | D27: Email gửi; password đổi; reset token one-time; phiên cũ xử lý theo policy | E27: Verified Student | F27: Pending | G27: 46229 | H27: Codex QA | I27: Pending | L27: Pending | O27: Test Data: valid token Priority: P0 Type: Functional ROUND 1 ACTUAL RESULT (26 Jul 2026): PENDING — No automated test directly covers every step and expected result of this System Test. Backend 120/120 and frontend 18/18 automated tests passed, but manual/full-stack execution is still required.
A28: AUTH-014 | B28: [Khách] Reset invalid | C28: Submit password mới | D28: Không đổi password; 400/401; audit/log không chứa token/password | E28: Reset token invalid/expired | F28: Pending | G28: 46229 | H28: Codex QA | I28: Pending | L28: Pending | O28: Test Data: expired/tampered token Priority: P1 Type: Negative, Security ROUND 1 ACTUAL RESULT (26 Jul 2026): PENDING — No automated test directly covers every step and expected result of this System Test. Backend 120/120 and frontend 18/18 automated tests passed, but manual/full-stack execution is still required.
A29: AUTH-015 | B29: [Student] Google OAuth | C29: Login Google lần đầu và lần sau | D29: Account link/create đúng; unique provider ID; JWT Student được cấp | E29: OAuth test account | F29: Pending | G29: 46229 | H29: Codex QA | I29: Pending | L29: Pending | O29: Test Data: valid Google token Priority: P1 Type: Integration ROUND 1 ACTUAL RESULT (26 Jul 2026): PENDING — The relevant external provider/file-delivery workflow was not available as a complete System Test environment. Mocked automated checks passed where present.
A30: AUTH-016 | B30: [Khách] Google token attack | C30: Gửi fake token/wrong audience/email collision | D30: 401/409; không takeover/link sai account | E30: None | F30: Pending | G30: 46229 | H30: Codex QA | I30: Pending | L30: Pending | O30: Test Data: forged token Priority: P0 Type: Security ROUND 1 ACTUAL RESULT (26 Jul 2026): PENDING — No automated test directly covers every step and expected result of this System Test. Backend 120/120 and frontend 18/18 automated tests passed, but manual/full-stack execution is still required.
A31: Scenario: Session
A32: AUTH-017 | B32: [Mọi role] Refresh positive | C32: 1. Hết access 2. gọi protected API 3. refresh 4. retry | D32: Access mới hợp lệ; request retry thành công; refresh actor không đổi | E32: Valid refresh token | F32: Pending | G32: 46229 | H32: Codex QA | I32: Pending | L32: Pending | O32: Test Data: valid refresh Priority: P0 Type: Functional ROUND 1 ACTUAL RESULT (26 Jul 2026): PENDING — No automated test directly covers every step and expected result of this System Test. Backend 120/120 and frontend 18/18 automated tests passed, but manual/full-stack execution is still required.
A33: AUTH-018 | B33: [Mọi role] Refresh invalid/replay | C33: Gọi refresh đồng thời/replay | D33: 401; không cấp token; rotation/revocation theo code; không đổi role | E33: Expired/revoked/wrong-signature | F33: Pending | G33: 46229 | H33: Codex QA | I33: Pending | L33: Pending | O33: Test Data: `JWT-X` Priority: P0 Type: Security, Concurrent ROUND 1 ACTUAL RESULT (26 Jul 2026): PENDING — No automated test directly covers every step and expected result of this System Test. Backend 120/120 and frontend 18/18 automated tests passed, but manual/full-stack execution is still required.
A34: AUTH-019 | B34: [Mọi role] Logout | C34: 1. Logout 2. dùng lại access/refresh | D34: Refresh/session bị revoke theo policy; UI xóa session và về Login | E34: Logged in | F34: Pending | G34: 46229 | H34: Codex QA | I34: Pending | L34: Pending | O34: Test Data: tokens Priority: P0 Type: Functional, Security ROUND 1 ACTUAL RESULT (26 Jul 2026): PENDING — No automated test directly covers every step and expected result of this System Test. Backend 120/120 and frontend 18/18 automated tests passed, but manual/full-stack execution is still required.
A35: AUTH-020 | B35: [Mọi role] Timeout | C35: 1. Điều khiển clock qua expiry 2. thao tác UI/API | D35: 401; refresh nếu còn hạn, nếu không thì login; không mất form ngoài thông báo hợp lý | E35: Session gần hết hạn | F35: Pending | G35: 46229 | H35: Codex QA | I35: Pending | L35: Pending | O35: Test Data: expired access/refresh Priority: P0 Type: Security, UI ROUND 1 ACTUAL RESULT (26 Jul 2026): PENDING — Frontend unit tests, lint, and production build passed, but no Playwright/Cypress browser runner is configured for this end-to-end UI scenario.
A36: Scenario: Security
A37: AUTH-021 | B37: [Mọi role] JWT manipulation | C37: 1. Sửa role/sub/expiry 2. đổi alg 3. dùng token actor khác | D37: Tất cả bị 401/403; không truy cập hoặc ghi DB | E37: Any valid token | F37: Pending | G37: 46229 | H37: Codex QA | I37: Pending | L37: Pending | O37: Test Data: tampered tokens Priority: P0 Type: Security ROUND 1 ACTUAL RESULT (26 Jul 2026): PARTIALLY EXECUTED — JwtProviderTest passed access/refresh token validation and invalid-token rejection; the complete claim/algorithm manipulation matrix remains.
A38: Scenario: Route Guard
A39: AUTH-022 | B39: [Khách] Direct protected URL | C39: Mở từng route protected bằng URL | D39: Redirect Login/403; không render dữ liệu protected trước redirect | E39: Logged out | F39: Pending | G39: 46229 | H39: Codex QA | I39: Pending | L39: Pending | O39: Test Data: route inventory Priority: P0 Type: Permission, UI ROUND 1 ACTUAL RESULT (26 Jul 2026): PENDING — Frontend unit tests, lint, and production build passed, but no Playwright/Cypress browser runner is configured for this end-to-end UI scenario.

Sheet Student
A2: Workflow | B2: Student | R2: Passed
A3: Test requirement | B3: Student learning, profile, assessment, support and notification | R3: Failed
A4: Number of TCs | B4: =COUNTA(A12:A1000) | R4: Pending
A5: Testing Round | B5: Passed | C5: Failed | D5: Pending | E5: N/A | R5: N/A
A6: Round 1 | B6: =COUNTIF($F$12:$F$1000,"Passed") | C6: =COUNTIF($F$12:$F$1000,"Failed") | D6: =COUNTIF($F$12:$F$1000,"Pending") | E6: =COUNTIF($F$12:$F$1000,"N/A")
A7: Round 2 | B7: =COUNTIF($I$12:$I$1000,"Passed") | C7: =COUNTIF($I$12:$I$1000,"Failed") | D7: =COUNTIF($I$12:$I$1000,"Pending") | E7: =COUNTIF($I$12:$I$1000,"N/A")
A8: Round 3 | B8: =COUNTIF($L$12:$L$1000,"Passed") | C8: =COUNTIF($L$12:$L$1000,"Failed") | D8: =COUNTIF($L$12:$L$1000,"Pending") | E8: =COUNTIF($L$12:$L$1000,"N/A")
A10: Test Case ID | B10: Test Case Description | C10: Test Case Procedure | D10: Expected Results | E10: Pre-conditions | F10: Round 1 | G10: Test date | H10: Tester | I10: Round 2 | J10: Test date | K10: Tester | L10: Round 3 | M10: Test date | N10: Tester | O10: Note
A11: Scenario: Onboarding
A12: STU-001 | B12: [Student] Save goals | C12: 1. Chọn goal/minutes/skills 2. submit 3. reload | D12: Dữ liệu lưu; dashboard phản ánh; không tạo trùng | E12: `U-STU-A`, chưa onboarding | F12: Pending | G12: 46229 | H12: Codex QA | I12: Pending | L12: Pending | O12: Test Data: N5, 30 phút Priority: P1 Type: Functional, Integration ROUND 1 ACTUAL RESULT (26 Jul 2026): PENDING — No automated test directly covers every step and expected result of this System Test. Backend 120/120 and frontend 18/18 automated tests passed, but manual/full-stack execution is still required.
A13: STU-002 | B13: [Student] Invalid/boundary | C13: 1. Gửi goal sai, minutes 0/âm/rất lớn, skills lạ 2. bypass UI | D13: 400; không cập nhật DB | E13: Logged in | F13: Pending | G13: 46229 | H13: Codex QA | I13: Pending | L13: Pending | O13: Test Data: invalid set Priority: P1 Type: Negative, API ROUND 1 ACTUAL RESULT (26 Jul 2026): PENDING — No automated test directly covers every step and expected result of this System Test. Backend 120/120 and frontend 18/18 automated tests passed, but manual/full-stack execution is still required.
A14: Scenario: Dashboard
A15: STU-003 | B15: [Student] Load summary | C15: 1. Mở `/dashboard` 2. kiểm tra stats và next lesson | D15: Loading→data; số liệu đúng view/query; empty state đúng | E15: Có/không có activity | F15: Pending | G15: 46229 | H15: Codex QA | I15: Pending | L15: Pending | O15: Test Data: seeded activity Priority: P0 Type: Smoke, UI, Database ROUND 1 ACTUAL RESULT (26 Jul 2026): PENDING — Frontend unit tests, lint, and production build passed, but no Playwright/Cypress browser runner is configured for this end-to-end UI scenario.
A16: Scenario: Profile
A17: STU-004 | B17: [Student] View/update | C17: 1. Mở profile 2. sửa name/phone Unicode 3. reload | D17: GET/PUT đúng account; DB update; validation chiều dài/phone | E17: Logged in | F17: Pending | G17: 46229 | H17: Codex QA | I17: Pending | L17: Pending | O17: Test Data: boundary values Priority: P1 Type: Functional ROUND 1 ACTUAL RESULT (26 Jul 2026): PENDING — No automated test directly covers every step and expected result of this System Test. Backend 120/120 and frontend 18/18 automated tests passed, but manual/full-stack execution is still required.
A18: STU-005 | B18: [Student] Avatar upload | C18: 1. Upload ảnh hợp lệ 2. sau đó file xấu/quá lớn/path traversal | D18: Ảnh hợp lệ hiển thị; file xấu 400/415; không thực thi/ghi ngoài storage | E18: Logged in | F18: Pending | G18: 46229 | H18: Codex QA | I18: Pending | L18: Pending | O18: Test Data: image + `FILE-BAD` Priority: P0 Type: Security, Integration ROUND 1 ACTUAL RESULT (26 Jul 2026): PENDING — The relevant external provider/file-delivery workflow was not available as a complete System Test environment. Mocked automated checks passed where present.
A19: STU-006 | B19: [Student] Change password | C19: 1. Sai current 2. mismatch 3. password yếu 4. hợp lệ | D19: Chỉ hợp lệ mới đổi; hash bcrypt; mật khẩu không log/response | E19: Logged in | F19: Pending | G19: 46229 | H19: Codex QA | I19: Pending | L19: Pending | O19: Test Data: password set Priority: P0 Type: Security ROUND 1 ACTUAL RESULT (26 Jul 2026): PENDING — No automated test directly covers every step and expected result of this System Test. Backend 120/120 and frontend 18/18 automated tests passed, but manual/full-stack execution is still required.
A20: STU-007 | B20: [Student] Change email OTP | C20: 1. Request OTP 2. confirm đúng 3. thử sai/hết hạn/email trùng | D20: Email đổi sau OTP; unique giữ nguyên; token one-time; audit phù hợp | E20: Logged in | F20: Pending | G20: 46229 | H20: Codex QA | I20: Pending | L20: Pending | O20: Test Data: email set Priority: P0 Type: Functional, Security ROUND 1 ACTUAL RESULT (26 Jul 2026): PENDING — The relevant external provider/file-delivery workflow was not available as a complete System Test environment. Mocked automated checks passed where present.
A21: Scenario: Learning
A22: STU-008 | B22: [Student] Course/JLPT list | C22: 1. Mở `/courses` 2. chọn level | D22: Danh sách lộ trình đúng; không phụ thuộc bảng `courses`; UI responsive | E22: Published content exists | F22: Pending | G22: 46229 | H22: Codex QA | I22: Pending | L22: Pending | O22: Test Data: N5–N1 Priority: P1 Type: Functional, UI ROUND 1 ACTUAL RESULT (26 Jul 2026): PARTIALLY EXECUTED — CourseServiceTest passed five-level ordering, default-level, missing-user, and progress mapping; browser/responsive checks remain.
A23: Scenario: Lesson
A24: STU-009 | B24: [Student] Lesson detail/progress | C24: 1. Mở `/lessons/:id` 2. hoàn thành | D24: Nội dung/media đúng; progress upsert unique và 100%; next lesson đổi | E24: Published lesson | F24: Pending | G24: 46229 | H24: Codex QA | I24: Pending | L24: Pending | O24: Test Data: valid lesson Priority: P0 Type: Functional, Integration ROUND 1 ACTUAL RESULT (26 Jul 2026): PENDING — No automated test directly covers every step and expected result of this System Test. Backend 120/120 and frontend 18/18 automated tests passed, but manual/full-stack execution is still required.
A25: STU-010 | B25: [Student] Hidden/missing lesson | C25: Direct URL/API | D25: 403/404; không lộ content draft/deleted | E25: Draft/deleted/unknown ID | F25: Pending | G25: 46229 | H25: Codex QA | I25: Pending | L25: Pending | O25: Test Data: IDs Priority: P0 Type: Permission ROUND 1 ACTUAL RESULT (26 Jul 2026): PENDING — No automated test directly covers every step and expected result of this System Test. Backend 120/120 and frontend 18/18 automated tests passed, but manual/full-stack execution is still required.
A26: Scenario: Kana
A27: STU-011 | B27: [Student] List/progress | C27: 1. Mở `/kana` 2. lọc/tương tác 3. đánh dấu progress | D27: Đủ dữ liệu, audio fallback; progress content_type=kana | E27: Kana seed exists | F27: Pending | G27: 46229 | H27: Codex QA | I27: Pending | L27: Pending | O27: Test Data: Hiragana/Katakana Priority: P1 Type: Functional, UI ROUND 1 ACTUAL RESULT (26 Jul 2026): PENDING — Frontend unit tests, lint, and production build passed, but no Playwright/Cypress browser runner is configured for this end-to-end UI scenario.
A28: Scenario: Vocabulary
A29: STU-012 | B29: [Student] Home/topics/list | C29: 1. Mở vocab 2. đổi level/topic/search/page | D29: Filter/pagination đúng; Unicode search; empty/loading/error đúng | E29: Published vocab | F29: Pending | G29: 46229 | H29: Codex QA | I29: Pending | L29: Pending | O29: Test Data: JP query, N5 Priority: P0 Type: Functional, UI ROUND 1 ACTUAL RESULT (26 Jul 2026): PENDING — Frontend unit tests, lint, and production build passed, but no Playwright/Cypress browser runner is configured for this end-to-end UI scenario.
A30: STU-013 | B30: [Student] Invalid filters | C30: level lạ, page âm, size 0/rất lớn, SQL/XSS | D30: 400 hoặc safe defaults; không injection/XSS | E30: Logged in | F30: Pending | G30: 46229 | H30: Codex QA | I30: Pending | L30: Pending | O30: Test Data: invalid set Priority: P1 Type: Negative, Security ROUND 1 ACTUAL RESULT (26 Jul 2026): PENDING — No automated test directly covers every step and expected result of this System Test. Backend 120/120 and frontend 18/18 automated tests passed, but manual/full-stack execution is still required.
A31: Scenario: Grammar
A32: STU-014 | B32: [Student] List/detail | C32: 1. Mở `/grammar` 2. filter 3. detail | D32: Chỉ published; dữ liệu/Unicode đúng; 404 unknown | E32: Published grammar | F32: Pending | G32: 46229 | H32: Codex QA | I32: Pending | L32: Pending | O32: Test Data: N5 Priority: P1 Type: Functional ROUND 1 ACTUAL RESULT (26 Jul 2026): PENDING — No automated test directly covers every step and expected result of this System Test. Backend 120/120 and frontend 18/18 automated tests passed, but manual/full-stack execution is still required.
A33: Scenario: Kanji
A34: STU-015 | B34: [Student] List/detail | C34: 1. Mở list 2. pagination 3. detail | D34: Meaning/readings/stroke info đúng; filter/boundary đúng | E34: Published Kanji | F34: Pending | G34: 46229 | H34: Codex QA | I34: Pending | L34: Pending | O34: Test Data: N5 Kanji Priority: P0 Type: Functional ROUND 1 ACTUAL RESULT (26 Jul 2026): PENDING — No automated test directly covers every step and expected result of this System Test. Backend 120/120 and frontend 18/18 automated tests passed, but manual/full-stack execution is still required.
A35: Scenario: Kanji Writing
A36: STU-016 | B36: [Student] Evaluate stroke | C36: 1. Vẽ path đúng/sai/ngắn 2. submit stroke | D36: DTW score/quality/direction hợp lệ; path quá ngắn xử lý an toàn | E36: Detail open | F36: Pending | G36: 46229 | H36: Codex QA | I36: Pending | L36: Pending | O36: Test Data: valid + short + extreme coords Priority: P0 Type: Functional, Boundary ROUND 1 ACTUAL RESULT (26 Jul 2026): PENDING — No automated test directly covers every step and expected result of this System Test. Backend 120/120 and frontend 18/18 automated tests passed, but manual/full-stack execution is still required.
A37: STU-017 | B37: [Student] Save attempt | C37: Submit full attempt hai lần | D37: Row lưu đúng Student, score/quality; JSON hợp lệ; duplicate behavior xác định | E37: Các nét đã đánh giá | F37: Pending | G37: 46229 | H37: Codex QA | I37: Pending | L37: Pending | O37: Test Data: stroke JSON Priority: P1 Type: Integration, Database ROUND 1 ACTUAL RESULT (26 Jul 2026): PENDING — No automated test directly covers every step and expected result of this System Test. Backend 120/120 and frontend 18/18 automated tests passed, but manual/full-stack execution is still required.
A38: Scenario: Assessment
A39: STU-018 | B39: [Student] List quiz | C39: 1. Mở `/quiz` 2. filter/list | D39: Chỉ quiz published/not deleted; empty/error state đúng | E39: Published quiz exists | F39: Pending | G39: 46229 | H39: Codex QA | I39: Pending | L39: Pending | O39: Test Data: N5 Priority: P0 Type: Smoke ROUND 1 ACTUAL RESULT (26 Jul 2026): PARTIALLY EXECUTED — AssessmentControllerIntegrationTest passed published quiz listing and unauthenticated rejection; UI empty/error states remain.
A40: STU-019 | B40: [Student] Start quiz | C40: Start một quiz | D40: Tạo attempt `in_progress`; câu hỏi không lộ đáp án đúng | E40: Eligible Student | F40: Pending | G40: 46229 | H40: Codex QA | I40: Pending | L40: Pending | O40: Test Data: assessment ID Priority: P0 Type: Functional, Security ROUND 1 ACTUAL RESULT (26 Jul 2026): PARTIALLY EXECUTED — Assessment and Mock Exam integration tests passed start behavior and answer-hiding checks; the complete quiz DB/UI scenario remains.
A41: STU-020 | B41: [Student] Submit/score | C41: Submit mixed answers | D41: Backend tính score; attempt submitted; answer rows đúng; score 0..max | E41: In-progress attempt | F41: Pending | G41: 46229 | H41: Codex QA | I41: Pending | L41: Pending | O41: Test Data: correct/wrong/blank Priority: P0 Type: Functional, Database ROUND 1 ACTUAL RESULT (26 Jul 2026): PARTIALLY EXECUTED — Assessment integration and MockExam service tests passed server-side scoring and score invariants; answer-row and UI verification remain.
A42: STU-021 | B42: [Student] Invalid/replay/concurrent submit | C42: Submit lại, hai tab, ID người khác | D42: Chỉ một transition; không double attempt mutation; 403/409/422 phù hợp | E42: Attempt submitted/expired/foreign | F42: Pending | G42: 46229 | H42: Codex QA | I42: Pending | L42: Pending | O42: Test Data: answer set Priority: P0 Type: Concurrent, Security ROUND 1 ACTUAL RESULT (26 Jul 2026): PARTIALLY EXECUTED — MockExam integration tests passed replay rejection; simultaneous-tab and foreign-attempt coverage remain.
A43: Scenario: Mock Exam
A44: STU-022 | B44: [Student] Full journey | C44: List→start→answer→submit→results→review | D44: Điểm phần/tổng đúng; history/review đúng Student | E44: Published exam | F44: Passed | G44: 46229 | H44: Codex QA | I44: Pending | L44: Pending | O44: Test Data: exam fixture Priority: P0 Type: Regression, Integration ROUND 1 ACTUAL RESULT (26 Jul 2026): PASSED — MockExamControllerIntegrationTest and MockExamServiceTest passed the start, submit, scoring, history, and review journey.
A45: STU-023 | B45: [Student] Timeout/auto-submit | C45: 1. Advance clock/hết thời gian 2. submit trễ | D45: Auto-submitted/blocked theo service; server time authoritative | E45: Exam running | F45: Passed | G45: 46229 | H45: Codex QA | I45: Pending | L45: Pending | O45: Test Data: timed exam Priority: P0 Type: Boundary, Security ROUND 1 ACTUAL RESULT (26 Jul 2026): PASSED — MockExamServiceTest passed manual expiry rejection and auto-submit-after-expiry behavior.
A46: Scenario: Attempts
A47: STU-024 | B47: [Student] History/review permission | C47: 1. List history 2. open own/other/in-progress attempt | D47: Chỉ own attempts; in-progress không review; correct pagination | E47: Multiple Students | F47: Pending | G47: 46229 | H47: Codex QA | I47: Pending | L47: Pending | O47: Test Data: IDs Priority: P0 Type: Permission ROUND 1 ACTUAL RESULT (26 Jul 2026): PARTIALLY EXECUTED — MockExam tests passed history, review, in-progress rejection, and wrong-student submission checks; full cross-account review coverage remains.
A48: Scenario: Flashcard
A49: STU-025 | B49: [Student] Start SRS session | C49: Start session, inspect cards | D49: Deck/cards created idempotently; bounds handled; answer không lộ sớm | E49: Topic has vocab | F49: Pending | G49: 46229 | H49: Codex QA | I49: Pending | L49: Pending | O49: Test Data: newLimit 0/1/max Priority: P0 Type: Functional ROUND 1 ACTUAL RESULT (26 Jul 2026): PARTIALLY EXECUTED — Flashcard algorithm tests passed, but session creation, idempotency, limits, and early-answer visibility were not executed.
A50: STU-026 | B50: [Student] Review ratings | C50: 1. Review easy/hard/wrong 2. last card | D50: interval/ease/repetition/next date đúng; session result đúng | E50: Active session | F50: Passed | G50: 46229 | H50: Codex QA | I50: Pending | L50: Pending | O50: Test Data: rating set Priority: P0 Type: Functional, Database ROUND 1 ACTUAL RESULT (26 Jul 2026): PASSED — FlashcardSrsServiceSm2Test passed all 18 SM-2 rating, interval, repetition, ease-factor, and next-review checks.
A51: STU-027 | B51: [Student] Invalid review | C51: POST review | D51: 400/403/404; no SRS mutation | E51: Card foreign/deleted; bad rating | F51: Pending | G51: 46229 | H51: Codex QA | I51: Pending | L51: Pending | O51: Test Data: invalid IDs/rating Priority: P1 Type: Negative, Permission ROUND 1 ACTUAL RESULT (26 Jul 2026): PARTIALLY EXECUTED — Flashcard rating boundaries were tested, but foreign/deleted card authorization and API status checks were not executed.
A52: Scenario: Notebook
A53: STU-028 | B53: [Student] Deck/card operations | C53: 1. List decks/cards 2. search/sort/due 3. add word | D53: Data thuộc Student; review deck unique; pagination/sort đúng | E53: Logged in | F53: Pending | G53: 46229 | H53: Codex QA | I53: Pending | L53: Pending | O53: Test Data: vocab IDs Priority: P1 Type: Functional ROUND 1 ACTUAL RESULT (26 Jul 2026): PENDING — No automated test directly covers every step and expected result of this System Test. Backend 120/120 and frontend 18/18 automated tests passed, but manual/full-stack execution is still required.
A54: STU-029 | B54: [Student] Delete/bulk delete | C54: 1. Delete one 2. bulk empty/duplicate/foreign IDs | D54: Soft delete own only; result count đúng; foreign unchanged | E54: Own cards exist | F54: Pending | G54: 46229 | H54: Codex QA | I54: Pending | L54: Pending | O54: Test Data: ID set Priority: P1 Type: Functional, Security ROUND 1 ACTUAL RESULT (26 Jul 2026): PENDING — No automated test directly covers every step and expected result of this System Test. Backend 120/120 and frontend 18/18 automated tests passed, but manual/full-stack execution is still required.
A55: Scenario: Dictionary
A56: STU-030 | B56: [Student] Search | C56: Search chung và theo type | D56: Kết quả đúng loại; Unicode; empty query validation; save vocab works | E56: Published content | F56: Pending | G56: 46229 | H56: Codex QA | I56: Pending | L56: Pending | O56: Test Data: Japanese/romaji/Vi, empty Priority: P1 Type: Functional ROUND 1 ACTUAL RESULT (26 Jul 2026): PENDING — No automated test directly covers every step and expected result of this System Test. Backend 120/120 and frontend 18/18 automated tests passed, but manual/full-stack execution is still required.
A57: Scenario: Speaking
A58: STU-031 | B58: [Student] List/upload/poll | C58: 1. List 2. upload valid audio 3. poll pending | D58: Submission pending; jobId=submissionId; Student chỉ poll own job | E58: Speaking lesson published | F58: Pending | G58: 46229 | H58: Codex QA | I58: Pending | L58: Pending | O58: Test Data: `FILE-AUDIO` Priority: P0 Type: Integration ROUND 1 ACTUAL RESULT (26 Jul 2026): PENDING — The relevant external provider/file-delivery workflow was not available as a complete System Test environment. Mocked automated checks passed where present.
A59: STU-032 | B59: [Student] Invalid upload | C59: Missing exercise, wrong lesson, bad MIME, huge/empty file | D59: 400/404/415; no orphan submission/file | E59: Logged in | F59: Pending | G59: 46229 | H59: Codex QA | I59: Pending | L59: Pending | O59: Test Data: `FILE-BAD` Priority: P0 Type: Negative, Security ROUND 1 ACTUAL RESULT (26 Jul 2026): PENDING — The relevant external provider/file-delivery workflow was not available as a complete System Test environment. Mocked automated checks passed where present.
A60: STU-033 | B60: [Student] Graded result | C60: 1. Poll job 2. reload page | D60: Completed score/feedback shown; manual score used | E60: Staff graded submission | F60: Pending | G60: 46229 | H60: Codex QA | I60: Pending | L60: Pending | O60: Test Data: graded job Priority: P0 Type: Functional ROUND 1 ACTUAL RESULT (26 Jul 2026): PENDING — No automated test directly covers every step and expected result of this System Test. Backend 120/120 and frontend 18/18 automated tests passed, but manual/full-stack execution is still required.
A61: Scenario: Progress
A62: STU-034 | B62: [Student] Upsert/reset | C62: 1. Mark learning/completed 2. lower progress 3. reset type | D62: Bounds validated; unique row; monotonic rule theo service; reset scoped | E62: Logged in | F62: Pending | G62: 46229 | H62: Codex QA | I62: Pending | L62: Pending | O62: Test Data: 0,100,101,-1 Priority: P1 Type: Boundary, Database ROUND 1 ACTUAL RESULT (26 Jul 2026): PENDING — No automated test directly covers every step and expected result of this System Test. Backend 120/120 and frontend 18/18 automated tests passed, but manual/full-stack execution is still required.
A63: Scenario: Support
A64: STU-035 | B64: [Student] Ticket full lifecycle | C64: Create/list/detail/reply/close | D64: State and replies correct; notification/audit as implemented | E64: Logged in | F64: Pending | G64: 46229 | H64: Codex QA | I64: Pending | L64: Pending | O64: Test Data: subject/content/attachment Priority: P0 Type: Functional ROUND 1 ACTUAL RESULT (26 Jul 2026): PARTIALLY EXECUTED — SupportTicketServiceTest passed create, reply, close, ownership, and state checks; full UI/attachment/audit flow remains.
A65: STU-036 | B65: [Student] Ticket isolation/validation | C65: 1. Open/reply/close other ticket 2. XSS/long content | D65: 403/404; content escaped; lengths validated | E65: Two Students | F65: Pending | G65: 46229 | H65: Codex QA | I65: Pending | L65: Pending | O65: Test Data: IDs + payload Priority: P0 Type: Permission, Security ROUND 1 ACTUAL RESULT (26 Jul 2026): PARTIALLY EXECUTED — SupportTicketServiceTest passed ticket ownership isolation; XSS, maximum-length, and browser rendering remain.
A66: Scenario: Notification
A67: STU-037 | B67: [Student] Inbox/read | C67: 1. List filters/pages 2. read one 3. read all | D67: Own only; timestamps set; operations idempotent; unread count correct | E67: Notifications exist | F67: Pending | G67: 46229 | H67: Codex QA | I67: Pending | L67: Pending | O67: Test Data: own/foreign IDs Priority: P1 Type: Functional, Database ROUND 1 ACTUAL RESULT (26 Jul 2026): PENDING — No automated test directly covers every step and expected result of this System Test. Backend 120/120 and frontend 18/18 automated tests passed, but manual/full-stack execution is still required.
A68: Scenario: UI
A69: STU-038 | B69: [Student] Menus/buttons/states | C69: 1. Đi qua toàn bộ Student menu 2. click CTA/button/modal 3. force API 500/offline | D69: Menu đúng quyền; button enabled rules; loading/error/empty/retry accessible | E69: Logged in | F69: Pending | G69: 46229 | H69: Codex QA | I69: Pending | L69: Pending | O69: Test Data: route inventory Priority: P1 Type: UI, Regression ROUND 1 ACTUAL RESULT (26 Jul 2026): PENDING — Frontend unit tests, lint, and production build passed, but no Playwright/Cypress browser runner is configured for this end-to-end UI scenario.
A70: Scenario: Gap-check
A71: STU-039 | B71: [Student] Reading Practice tồn tại? (UC-14) | C71: 1. Rà route inventory và menu Student 2. thử gọi API nghi ngờ `/api/reading/**` bằng token hợp lệ | D71: Xác nhận hiện KHÔNG có route/menu/API luyện đọc độc lập; UI không quảng cáo tính năng chưa có; ghi nhận gap để Product xác nhận roadmap | E71: Logged in | F71: Passed | G71: 46229 | H71: Codex QA | I71: Pending | L71: Pending | O71: Test Data: route/API probe Priority: P2 Type: Gap, Regression ROUND 1 ACTUAL RESULT (26 Jul 2026): PASSED — Static route and source inventory confirmed that no standalone Reading Practice route/API is implemented, matching the gap-check expectation.
A72: STU-040 | B72: [Student] Listening Practice tồn tại? (UC-15) | C72: Tương tự STU-039 cho `/api/listening/**` và mọi entry point nghe hiểu độc lập | D72: Xác nhận hiện KHÔNG có route/menu/API luyện nghe độc lập; không có audio player đứng riêng ngoài Speaking/Mock Test | E72: Logged in | F72: Passed | G72: 46229 | H72: Codex QA | I72: Pending | L72: Pending | O72: Test Data: route/API probe Priority: P2 Type: Gap, Regression ROUND 1 ACTUAL RESULT (26 Jul 2026): PASSED — Static route and source inventory confirmed that no standalone Listening Practice route/API is implemented, matching the gap-check expectation.
A73: STU-041 | B73: [Student] Bookmark Learning tồn tại? (UC-17) | C73: 1. Tìm nút "Bookmark"/"Đánh dấu" trên các trang nội dung (không phải Notebook từ vựng) 2. gọi API nghi ngờ `is_bookmarked`/`/api/bookmarks/**` | D73: Xác nhận hiện KHÔNG có cờ bookmark áp dụng cho lesson/grammar/kanji/quiz; Notebook (STU-028) chỉ lưu thẻ từ vựng, không phải bookmark đa loại nội dung theo đặc tả UC-17; ghi nhận gap | E73: Đang xem lesson/grammar/kanji/quiz | F73: Passed | G73: 46229 | H73: Codex QA | I73: Pending | L73: Pending | O73: Test Data: route/API probe Priority: P2 Type: Gap, Functional ROUND 1 ACTUAL RESULT (26 Jul 2026): PASSED — Static route and source inventory confirmed that no cross-content bookmark API/flag is implemented; Notebook remains vocabulary-only.

Sheet Staff
A2: Workflow | B2: Staff | R2: Passed
A3: Test requirement | B3: Staff dashboard, authoring, support, broadcast and grading | R3: Failed
A4: Number of TCs | B4: =COUNTA(A12:A1000) | R4: Pending
A5: Testing Round | B5: Passed | C5: Failed | D5: Pending | E5: N/A | R5: N/A
A6: Round 1 | B6: =COUNTIF($F$12:$F$1000,"Passed") | C6: =COUNTIF($F$12:$F$1000,"Failed") | D6: =COUNTIF($F$12:$F$1000,"Pending") | E6: =COUNTIF($F$12:$F$1000,"N/A")
A7: Round 2 | B7: =COUNTIF($I$12:$I$1000,"Passed") | C7: =COUNTIF($I$12:$I$1000,"Failed") | D7: =COUNTIF($I$12:$I$1000,"Pending") | E7: =COUNTIF($I$12:$I$1000,"N/A")
A8: Round 3 | B8: =COUNTIF($L$12:$L$1000,"Passed") | C8: =COUNTIF($L$12:$L$1000,"Failed") | D8: =COUNTIF($L$12:$L$1000,"Pending") | E8: =COUNTIF($L$12:$L$1000,"N/A")
A10: Test Case ID | B10: Test Case Description | C10: Test Case Procedure | D10: Expected Results | E10: Pre-conditions | F10: Round 1 | G10: Test date | H10: Tester | I10: Round 2 | J10: Test date | K10: Tester | L10: Round 3 | M10: Test date | N10: Tester | O10: Note
A11: Scenario: Dashboard
A12: STF-001 | B12: [Staff] Metrics/tasks | C12: 1. Mở `/staff` 2. compare API/DB | D12: KPI/task list chính xác; no Admin/Manager action | E12: Staff logged in | F12: Pending | G12: 46229 | H12: Codex QA | I12: Pending | L12: Pending | O12: Test Data: seeded content/tickets Priority: P1 Type: Smoke, Database ROUND 1 ACTUAL RESULT (26 Jul 2026): PENDING — No automated test directly covers every step and expected result of this System Test. Backend 120/120 and frontend 18/18 automated tests passed, but manual/full-stack execution is still required.
A13: Scenario: Students
A14: STF-002 | B14: [Staff] List/filter/progress | C14: 1. Search/filter/page 2. open progress | D14: Correct data; no password/token; pagination đúng | E14: Students exist | F14: Pending | G14: 46229 | H14: Codex QA | I14: Pending | L14: Pending | O14: Test Data: status/level/query Priority: P1 Type: Functional ROUND 1 ACTUAL RESULT (26 Jul 2026): PENDING — No automated test directly covers every step and expected result of this System Test. Backend 120/120 and frontend 18/18 automated tests passed, but manual/full-stack execution is still required.
A15: STF-003 | B15: [Staff] Suspend/activate | C15: 1. Suspend with reason 2. activate 3. concurrent change | D15: State valid; audit row; UI refresh; conflict handled | E15: Target active/suspended | F15: Pending | G15: 46229 | H15: Codex QA | I15: Pending | L15: Pending | O15: Test Data: reason boundaries Priority: P0 Type: Functional, Concurrent ROUND 1 ACTUAL RESULT (26 Jul 2026): PENDING — No automated test directly covers every step and expected result of this System Test. Backend 120/120 and frontend 18/18 automated tests passed, but manual/full-stack execution is still required.
A16: Scenario: Questions
A17: STF-004 | B17: [Staff] Create positive | C17: Create MC/fill/true-false | D17: Draft created_by Staff; correct fields; UI row appears | E17: Staff logged in | F17: Pending | G17: 46229 | H17: Codex QA | I17: Pending | L17: Pending | O17: Test Data: valid per type Priority: P0 Type: Functional ROUND 1 ACTUAL RESULT (26 Jul 2026): PENDING — No automated test directly covers every step and expected result of this System Test. Backend 120/120 and frontend 18/18 automated tests passed, but manual/full-stack execution is still required.
A18: STF-005 | B18: [Staff] Validation/boundary | C18: 1. Missing correct answer/options 2. bad level/type 3. long text/XSS | D18: 400; no partial row; safe rendering | E18: None | F18: Pending | G18: 46229 | H18: Codex QA | I18: Pending | L18: Pending | O18: Test Data: invalid set Priority: P0 Type: Negative, Security ROUND 1 ACTUAL RESULT (26 Jul 2026): PENDING — No automated test directly covers every step and expected result of this System Test. Backend 120/120 and frontend 18/18 automated tests passed, but manual/full-stack execution is still required.
A19: STF-006 | B19: [Staff] List/detail/update | C19: 1. Filter 2. detail 3. update editable content | D19: Correct list; update timestamp/content; ownership/state rules enforced | E19: Own/other draft exists | F19: Pending | G19: 46229 | H19: Codex QA | I19: Pending | L19: Pending | O19: Test Data: valid update Priority: P1 Type: Functional ROUND 1 ACTUAL RESULT (26 Jul 2026): PENDING — No automated test directly covers every step and expected result of this System Test. Backend 120/120 and frontend 18/18 automated tests passed, but manual/full-stack execution is still required.
A20: STF-007 | B20: [Staff] Submit review/locked | C20: 1. Submit 2. edit pending/published/attempt-used question | D20: Valid → pending; incomplete blocked; immutable result integrity | E20: Complete/incomplete/used question | F20: Pending | G20: 46229 | H20: Codex QA | I20: Pending | L20: Pending | O20: Test Data: fixtures Priority: P0 Type: Workflow ROUND 1 ACTUAL RESULT (26 Jul 2026): PENDING — No automated test directly covers every step and expected result of this System Test. Backend 120/120 and frontend 18/18 automated tests passed, but manual/full-stack execution is still required.
A21: Scenario: Grammar
A22: STF-008 | B22: [Staff] CRUD/submit | C22: Create, list, detail, update, submit | D22: Draft→pending; creator set; validation/audit as expected | E22: Staff logged in | F22: Pending | G22: 46229 | H22: Codex QA | I22: Pending | L22: Pending | O22: Test Data: valid grammar Priority: P1 Type: Functional ROUND 1 ACTUAL RESULT (26 Jul 2026): PENDING — No automated test directly covers every step and expected result of this System Test. Backend 120/120 and frontend 18/18 automated tests passed, but manual/full-stack execution is still required.
A23: Scenario: Vocabulary Topic
A24: STF-009 | B24: [Staff] List/create unique | C24: 1. Create topic 2. duplicate slug/title 3. boundary order | D24: Unique constraints surfaced as 409/validation; no 500 | E24: Staff logged in | F24: Pending | G24: 46229 | H24: Codex QA | I24: Pending | L24: Pending | O24: Test Data: N5 topic Priority: P1 Type: Functional, Database ROUND 1 ACTUAL RESULT (26 Jul 2026): PARTIALLY EXECUTED — VocabularyTopicService tests passed slug generation and selected delete/restore rules; full create/list/unique API/UI flow remains.
A25: Scenario: Learning Content
A26: STF-010 | B26: [Staff] Lesson update | C26: 1. List/filter 2. update text/media/status | D26: Fields update; cannot directly publish as Staff; validation works | E26: Own lesson draft | F26: Pending | G26: 46229 | H26: Codex QA | I26: Pending | L26: Pending | O26: Test Data: valid/invalid Priority: P0 Type: Permission ROUND 1 ACTUAL RESULT (26 Jul 2026): PENDING — No automated test directly covers every step and expected result of this System Test. Backend 120/120 and frontend 18/18 automated tests passed, but manual/full-stack execution is still required.
A27: STF-011 | B27: [Staff] Vocabulary CRUD | C27: Create/list/detail/update/submit review | D27: FK topic valid; draft→pending; Unicode stored utf8mb4 | E27: Topic exists | F27: Pending | G27: 46229 | H27: Codex QA | I27: Pending | L27: Pending | O27: Test Data: JP vocab Priority: P0 Type: Functional, Database ROUND 1 ACTUAL RESULT (26 Jul 2026): PARTIALLY EXECUTED — Vocabulary topic delete/restore tests passed selected database state rules; complete vocabulary CRUD/Unicode workflow remains.
A28: STF-012 | B28: [Staff] Kanji CRUD | C28: Create/list/detail/update/submit | D28: Unique character enforced; state/creator correct | E28: Staff logged in | F28: Pending | G28: 46229 | H28: Codex QA | I28: Pending | L28: Pending | O28: Test Data: Kanji duplicate/valid Priority: P0 Type: Functional ROUND 1 ACTUAL RESULT (26 Jul 2026): PENDING — No automated test directly covers every step and expected result of this System Test. Backend 120/120 and frontend 18/18 automated tests passed, but manual/full-stack execution is still required.
A29: Scenario: Speaking Authoring
A30: STF-013 | B30: [Staff] Create/update/detail | C30: 1. Create speaking lesson/questions 2. edit 3. get own | D30: Lesson/questions transactionally saved; order correct | E30: Staff logged in | F30: Passed | G30: 46229 | H30: Codex QA | I30: Pending | L30: Pending | O30: Test Data: valid/boundary Priority: P1 Type: Functional ROUND 1 ACTUAL RESULT (26 Jul 2026): PASSED — SpeakingAuthoringServiceTest passed create, update, detail, ordering, validation, and atomic replacement checks.
A31: Scenario: Quiz
A32: STF-014 | B32: [Staff] Create/list/detail/update | C32: CRUD quiz | D32: Assessment type=quiz; validation; UI state correct | E32: Questions exist | F32: Pending | G32: 46229 | H32: Codex QA | I32: Pending | L32: Pending | O32: Test Data: score/duration/level boundaries Priority: P0 Type: Functional ROUND 1 ACTUAL RESULT (26 Jul 2026): PENDING — No automated test directly covers every step and expected result of this System Test. Backend 120/120 and frontend 18/18 automated tests passed, but manual/full-stack execution is still required.
A33: STF-015 | B33: [Staff] Assign questions | C33: Assign/reorder/duplicate/foreign question | D33: Unique prevents duplicate; score/display order correct; atomic failure | E33: Draft quiz | F33: Pending | G33: 46229 | H33: Codex QA | I33: Pending | L33: Pending | O33: Test Data: assignments Priority: P0 Type: Integration, Database ROUND 1 ACTUAL RESULT (26 Jul 2026): PENDING — No automated test directly covers every step and expected result of this System Test. Backend 120/120 and frontend 18/18 automated tests passed, but manual/full-stack execution is still required.
A34: Scenario: Exam
A35: STF-016 | B35: [Staff] Create/list/detail/update | C35: CRUD exam | D35: Assessment type=exam; filters and fields correct | E35: Questions exist | F35: Pending | G35: 46229 | H35: Codex QA | I35: Pending | L35: Pending | O35: Test Data: valid exam Priority: P0 Type: Functional ROUND 1 ACTUAL RESULT (26 Jul 2026): PENDING — No automated test directly covers every step and expected result of this System Test. Backend 120/120 and frontend 18/18 automated tests passed, but manual/full-stack execution is still required.
A36: STF-017 | B36: [Staff] Assign/submit review | C36: 1. Assign sections 2. submit complete/incomplete | D36: Complete → pending; invalid structure blocked; no partial update | E36: Draft exam | F36: Pending | G36: 46229 | H36: Codex QA | I36: Pending | L36: Pending | O36: Test Data: assignment set Priority: P0 Type: Workflow ROUND 1 ACTUAL RESULT (26 Jul 2026): PARTIALLY EXECUTED — StaffExamServiceSubmitReviewTest passed rejection of an empty exam; valid complete submission and atomic assignment remain.
A37: Scenario: Review Feedback
A38: STF-018 | B38: [Staff] View feedback | C38: Open feedback modal/API | D38: Latest relevant feedback shown only to creator/allowed Staff | E38: Content rejected/change requested | F38: Pending | G38: 46229 | H38: Codex QA | I38: Pending | L38: Pending | O38: Test Data: content type/id Priority: P1 Type: Permission ROUND 1 ACTUAL RESULT (26 Jul 2026): PENDING — No automated test directly covers every step and expected result of this System Test. Backend 120/120 and frontend 18/18 automated tests passed, but manual/full-stack execution is still required.
A39: Scenario: Tickets
A40: STF-019 | B40: [Staff] List/detail/reply/close | C40: Process ticket | D40: assigned→in_progress→resolved; notification; audit | E40: Ticket assigned to Staff | F40: Pending | G40: 46229 | H40: Codex QA | I40: Pending | L40: Pending | O40: Test Data: reply/attachment Priority: P0 Type: Workflow ROUND 1 ACTUAL RESULT (26 Jul 2026): PARTIALLY EXECUTED — SupportTicketServiceTest passed assignee/manager reply and lifecycle rules; full Staff UI, attachment, notification, and audit checks remain.
A41: STF-020 | B41: [Staff] Unauthorized ticket | C41: Direct detail/reply/close | D41: Staff thường bị 403; Manager exception tested separately | E41: Ticket assigned other Staff | F41: Pending | G41: 46229 | H41: Codex QA | I41: Pending | L41: Pending | O41: Test Data: ticket ID Priority: P0 Type: Permission ROUND 1 ACTUAL RESULT (26 Jul 2026): PARTIALLY EXECUTED — SupportTicketServiceTest passed unauthorized Staff reply rejection; direct detail/close API and UI checks remain.
A42: Scenario: Broadcast
A43: STF-021 | B43: [Staff] Send/schedule | C43: 1. Send now/by level/channel 2. schedule future | D43: Job accepted; notifications generated/delivered; UI confirmation | E43: Staff allowed | F43: Pending | G43: 46229 | H43: Codex QA | I43: Pending | L43: Pending | O43: Test Data: valid payload Priority: P1 Type: Integration ROUND 1 ACTUAL RESULT (26 Jul 2026): PARTIALLY EXECUTED — NotificationDispatcherTest passed broadcast persistence and email dispatch behavior; scheduling and UI confirmation remain.
A44: STF-022 | B44: [Staff] Invalid/security | C44: 1. Empty/long title 2. past schedule 3. invalid channel/level 4. XSS | D44: 400; no job; stored/rendered content safe | E44: None | F44: Pending | G44: 46229 | H44: Codex QA | I44: Pending | L44: Pending | O44: Test Data: invalid set Priority: P1 Type: Negative, Security ROUND 1 ACTUAL RESULT (26 Jul 2026): PARTIALLY EXECUTED — NotificationDispatcherTest passed delivery failure handling; payload validation, XSS, channel, level, and scheduling cases remain.
A45: Scenario: Grading
A46: STF-023 | B46: [Staff] List/detail | C46: 1. Filter pending/graded 2. open detail/audio | D46: Data correct; only speaking filter; audio authorized | E46: Speaking submissions exist | F46: Pending | G46: 46229 | H46: Codex QA | I46: Pending | L46: Pending | O46: Test Data: submissions Priority: P0 Type: Functional ROUND 1 ACTUAL RESULT (26 Jul 2026): PENDING — No automated test directly covers every step and expected result of this System Test. Backend 120/120 and frontend 18/18 automated tests passed, but manual/full-stack execution is still required.
A47: STF-024 | B47: [Staff] Grade/override | C47: 1. Grade min/max 2. regrade/concurrent grade | D47: Range enforced; valid manual score/feedback persisted; audit/notification; conflict handled | E47: Pending/AI-graded submission | F47: Pending | G47: 46229 | H47: Codex QA | I47: Pending | L47: Pending | O47: Test Data: -1,0,10,11 Priority: P0 Type: Boundary, Concurrent ROUND 1 ACTUAL RESULT (26 Jul 2026): PENDING — No automated test directly covers every step and expected result of this System Test. Backend 120/120 and frontend 18/18 automated tests passed, but manual/full-stack execution is still required.
A48: Scenario: UI
A49: STF-025 | B49: [Staff] Menus/buttons/states | C49: 1. Traverse Staff pages/actions 2. error/empty/loading | D49: Only Staff menu; Manager/Admin hidden; buttons follow status/ownership | E49: Staff logged in | F49: Pending | G49: 46229 | H49: Codex QA | I49: Pending | L49: Pending | O49: Test Data: route inventory Priority: P1 Type: UI, Regression ROUND 1 ACTUAL RESULT (26 Jul 2026): PENDING — Frontend unit tests, lint, and production build passed, but no Playwright/Cypress browser runner is configured for this end-to-end UI scenario.
A50: Scenario: Gap-check
A51: STF-026 | B51: [Staff] View Quiz Results tồn tại? (UC-32) | C51: 1. Tìm màn hình/API thống kê kết quả theo từng quiz/đề thi (tỷ lệ đúng/sai từng câu, điểm trung bình) 2. nếu không có, xác nhận Staff chỉ xem được qua `/staff/students` (STF-002, theo từng Student) | D51: Xác nhận hiện KHÔNG có màn hình/API tổng hợp kết quả theo quiz cho Staff; chỉ có xem theo từng Student; ghi nhận gap so với UC-32 và đề xuất bổ sung endpoint `/api/staff/assessments/{id}/results` | E51: Quiz có nhiều attempt của nhiều Student | F51: Passed | G51: 46229 | H51: Codex QA | I51: Pending | L51: Pending | O51: Test Data: quiz với ≥3 attempt Priority: P1 Type: Gap, Functional ROUND 1 ACTUAL RESULT (26 Jul 2026): PASSED — Static route and source inventory confirmed that no quiz-level Staff results analytics endpoint/page is implemented, matching the gap-check expectation.

Sheet Manager
A2: Workflow | B2: Manager | R2: Passed
A3: Test requirement | B3: StaffManager review, publish, restore and coordination | R3: Failed
A4: Number of TCs | B4: =COUNTA(A12:A1000) | R4: Pending
A5: Testing Round | B5: Passed | C5: Failed | D5: Pending | E5: N/A | R5: N/A
A6: Round 1 | B6: =COUNTIF($F$12:$F$1000,"Passed") | C6: =COUNTIF($F$12:$F$1000,"Failed") | D6: =COUNTIF($F$12:$F$1000,"Pending") | E6: =COUNTIF($F$12:$F$1000,"N/A")
A7: Round 2 | B7: =COUNTIF($I$12:$I$1000,"Passed") | C7: =COUNTIF($I$12:$I$1000,"Failed") | D7: =COUNTIF($I$12:$I$1000,"Pending") | E7: =COUNTIF($I$12:$I$1000,"N/A")
A8: Round 3 | B8: =COUNTIF($L$12:$L$1000,"Passed") | C8: =COUNTIF($L$12:$L$1000,"Failed") | D8: =COUNTIF($L$12:$L$1000,"Pending") | E8: =COUNTIF($L$12:$L$1000,"N/A")
A10: Test Case ID | B10: Test Case Description | C10: Test Case Procedure | D10: Expected Results | E10: Pre-conditions | F10: Round 1 | G10: Test date | H10: Tester | I10: Round 2 | J10: Test date | K10: Tester | L10: Round 3 | M10: Test date | N10: Tester | O10: Note
A11: Scenario: Dashboard
A12: MGR-001 | B12: [Manager] Navigation/summary | C12: 1. Mở `/manager` 2. inspect cards/menu | D12: Manager dashboard loads; Staff capabilities preserved where linked | E12: Manager logged in | F12: Pending | G12: 46229 | H12: Codex QA | I12: Pending | L12: Pending | O12: Test Data: pending content/tickets Priority: P1 Type: Smoke ROUND 1 ACTUAL RESULT (26 Jul 2026): PENDING — No automated test directly covers every step and expected result of this System Test. Backend 120/120 and frontend 18/18 automated tests passed, but manual/full-stack execution is still required.
A13: Scenario: Review
A14: MGR-002 | B14: [Manager] Queue/filter/page | C14: Filter type/level/page | D14: Queue complete; correct creator/snapshot metadata; no deleted item | E14: Pending all content types | F14: Pending | G14: 46229 | H14: Codex QA | I14: Pending | L14: Pending | O14: Test Data: lesson/grammar/vocab/kanji/question/assessment Priority: P0 Type: Functional ROUND 1 ACTUAL RESULT (26 Jul 2026): PENDING — No automated test directly covers every step and expected result of this System Test. Backend 120/120 and frontend 18/18 automated tests passed, but manual/full-stack execution is still required.
A15: MGR-003 | B15: [Manager] Detail | C15: Open detail directly/UI | D15: Correct handler/type; snapshot and creator shown; unknown/type mismatch 404/400 | E15: Pending item | F15: Pending | G15: 46229 | H15: Codex QA | I15: Pending | L15: Pending | O15: Test Data: content IDs Priority: P0 Type: Functional ROUND 1 ACTUAL RESULT (26 Jul 2026): PENDING — No automated test directly covers every step and expected result of this System Test. Backend 120/120 and frontend 18/18 automated tests passed, but manual/full-stack execution is still required.
A16: MGR-004 | B16: [Manager] Approve | C16: Approve | D16: pending→published; approver/published_at set; audit row; Student can see | E16: Other Staff pending content | F16: Pending | G16: 46229 | H16: Codex QA | I16: Pending | L16: Pending | O16: Test Data: valid item Priority: P0 Type: Workflow, Database ROUND 1 ACTUAL RESULT (26 Jul 2026): PARTIALLY EXECUTED — AssessmentContentHandlerTest passed publish approval rules for assessments; all content types, audit, and Student visibility remain.
A17: MGR-005 | B17: [Manager] Reject/request changes | C17: Reject/change without and with feedback | D17: Feedback required; valid transition; Staff can read feedback; audit | E17: Pending content | F17: Pending | G17: 46229 | H17: Codex QA | I17: Pending | L17: Pending | O17: Test Data: empty/valid feedback Priority: P0 Type: Negative, Workflow ROUND 1 ACTUAL RESULT (26 Jul 2026): PENDING — No automated test directly covers every step and expected result of this System Test. Backend 120/120 and frontend 18/18 automated tests passed, but manual/full-stack execution is still required.
A18: MGR-006 | B18: [Manager] Self-review prohibition | C18: Approve/reject own item via UI/API | D18: 403/422; status unchanged; event logged safely | E18: Manager-created content pending | F18: Pending | G18: 46229 | H18: Codex QA | I18: Pending | L18: Pending | O18: Test Data: own ID Priority: P0 Type: Permission ROUND 1 ACTUAL RESULT (26 Jul 2026): PENDING — No automated test directly covers every step and expected result of this System Test. Backend 120/120 and frontend 18/18 automated tests passed, but manual/full-stack execution is still required.
A19: MGR-007 | B19: [Manager] Concurrent reviewers | C19: Both approve/reject same version simultaneously | D19: Exactly one succeeds; other gets conflict/latest state; one final transition | E19: Two Managers | F19: Pending | G19: 46229 | H19: Codex QA | I19: Pending | L19: Pending | O19: Test Data: same item Priority: P0 Type: Concurrent ROUND 1 ACTUAL RESULT (26 Jul 2026): PENDING — No automated test directly covers every step and expected result of this System Test. Backend 120/120 and frontend 18/18 automated tests passed, but manual/full-stack execution is still required.
A20: Scenario: Publish
A21: MGR-008 | B21: [Manager] List/detail/filter | C21: 1. Open pipeline 2. filter/detail | D21: Correct content/state; Staff normal cannot access | E21: Published/archived items | F21: Pending | G21: 46229 | H21: Codex QA | I21: Pending | L21: Pending | O21: Test Data: type/level Priority: P0 Type: Functional, Permission ROUND 1 ACTUAL RESULT (26 Jul 2026): PENDING — No automated test directly covers every step and expected result of this System Test. Backend 120/120 and frontend 18/18 automated tests passed, but manual/full-stack execution is still required.
A22: MGR-009 | B22: [Manager] State transitions | C22: Publish, unpublish/archive, restore | D22: Only allowed transitions; reason/audit stored; Student visibility updates | E22: Approved/published/archived | F22: Pending | G22: 46229 | H22: Codex QA | I22: Pending | L22: Pending | O22: Test Data: reason boundary Priority: P0 Type: Workflow ROUND 1 ACTUAL RESULT (26 Jul 2026): PENDING — No automated test directly covers every step and expected result of this System Test. Backend 120/120 and frontend 18/18 automated tests passed, but manual/full-stack execution is still required.
A23: MGR-010 | B23: [Manager] Invalid transition | C23: 1. Direct status calls 2. missing reason | D23: 409/422; no state corruption; dependency warning handled | E23: Draft/deleted/in-use content | F23: Pending | G23: 46229 | H23: Codex QA | I23: Pending | L23: Pending | O23: Test Data: invalid transitions Priority: P0 Type: Negative ROUND 1 ACTUAL RESULT (26 Jul 2026): PENDING — No automated test directly covers every step and expected result of this System Test. Backend 120/120 and frontend 18/18 automated tests passed, but manual/full-stack execution is still required.
A24: Scenario: Trash
A25: MGR-011 | B25: [Manager] List/restore | C25: 1. Filter type 2. restore once/twice/concurrently | D25: Restored correctly; repeat idempotent/conflict; audit | E25: Soft-deleted content | F25: Pending | G25: 46229 | H25: Codex QA | I25: Pending | L25: Pending | O25: Test Data: IDs Priority: P1 Type: Functional, Concurrent ROUND 1 ACTUAL RESULT (26 Jul 2026): PARTIALLY EXECUTED — ManagerDeletedContentServiceTest and VocabularyTopicService tests passed list/restore authorization and selected transitions; concurrency remains.
A26: Scenario: Tickets
A27: MGR-012 | B27: [Manager] Assign | C27: 1. Load assignees 2. assign 3. reassign | D27: open→assigned; correct assignee; counts refresh; audit/notification | E27: Open ticket, Staff list | F27: Pending | G27: 46229 | H27: Codex QA | I27: Pending | L27: Pending | O27: Test Data: Staff IDs Priority: P0 Type: Workflow ROUND 1 ACTUAL RESULT (26 Jul 2026): PARTIALLY EXECUTED — SupportTicket tests passed assignment and Manager reply behavior; full UI/count/audit/notification verification remains.
A28: MGR-013 | B28: [Manager] Invalid assign | C28: Assign | D28: 400/404/409; status unchanged | E28: Suspended/nonexistent Staff; resolved ticket | F28: Pending | G28: 46229 | H28: Codex QA | I28: Pending | L28: Pending | O28: Test Data: invalid IDs Priority: P1 Type: Negative ROUND 1 ACTUAL RESULT (26 Jul 2026): PARTIALLY EXECUTED — SupportTicketAssignTest passed suspended-target rejection and missing-target handling; resolved-ticket handling remains.
A29: Scenario: Broadcast
A30: MGR-014 | B30: [Manager] Send all/schedule | C30: 1. Confirm “all” 2. send and schedule | D30: Confirmation required; accepted job; no duplicate click submission | E30: Manager logged in | F30: Pending | G30: 46229 | H30: Codex QA | I30: Pending | L30: Pending | O30: Test Data: channels/levels Priority: P1 Type: UI, Integration ROUND 1 ACTUAL RESULT (26 Jul 2026): PENDING — Frontend unit tests, lint, and production build passed, but no Playwright/Cypress browser runner is configured for this end-to-end UI scenario.
A31: Scenario: UI/Permission
A32: MGR-015 | B32: [Manager] Menus/direct API | C32: 1. Traverse manager menu 2. call Admin APIs 3. hidden actions | D32: Manager routes work; Admin 403; no Admin menu; Staff normal Manager API denied by service | E32: Manager logged in | F32: Pending | G32: 46229 | H32: Codex QA | I32: Pending | L32: Pending | O32: Test Data: routes/tokens Priority: P0 Type: Permission, Regression ROUND 1 ACTUAL RESULT (26 Jul 2026): PENDING — Frontend unit tests, lint, and production build passed, but no Playwright/Cypress browser runner is configured for this end-to-end UI scenario.

Sheet Admin
A2: Workflow | B2: Admin | R2: Passed
A3: Test requirement | B3: Admin dashboard, users, settings, audit and notification rules | R3: Failed
A4: Number of TCs | B4: =COUNTA(A12:A1000) | R4: Pending
A5: Testing Round | B5: Passed | C5: Failed | D5: Pending | E5: N/A | R5: N/A
A6: Round 1 | B6: =COUNTIF($F$12:$F$1000,"Passed") | C6: =COUNTIF($F$12:$F$1000,"Failed") | D6: =COUNTIF($F$12:$F$1000,"Pending") | E6: =COUNTIF($F$12:$F$1000,"N/A")
A7: Round 2 | B7: =COUNTIF($I$12:$I$1000,"Passed") | C7: =COUNTIF($I$12:$I$1000,"Failed") | D7: =COUNTIF($I$12:$I$1000,"Pending") | E7: =COUNTIF($I$12:$I$1000,"N/A")
A8: Round 3 | B8: =COUNTIF($L$12:$L$1000,"Passed") | C8: =COUNTIF($L$12:$L$1000,"Failed") | D8: =COUNTIF($L$12:$L$1000,"Pending") | E8: =COUNTIF($L$12:$L$1000,"N/A")
A10: Test Case ID | B10: Test Case Description | C10: Test Case Procedure | D10: Expected Results | E10: Pre-conditions | F10: Round 1 | G10: Test date | H10: Tester | I10: Round 2 | J10: Test date | K10: Tester | L10: Round 3 | M10: Test date | N10: Tester | O10: Note
A11: Scenario: Dashboard
A12: ADM-001 | B12: [Admin] KPI | C12: 1. Mở `/admin` 2. compare summary with SQL | D12: Accurate KPI; no sensitive password/token; error state works | E12: Admin logged in; seeded DB | F12: Pending | G12: 46229 | H12: Codex QA | I12: Pending | L12: Pending | O12: Test Data: users/attempts/content Priority: P0 Type: Smoke, Database ROUND 1 ACTUAL RESULT (26 Jul 2026): PENDING — No automated test directly covers every step and expected result of this System Test. Backend 120/120 and frontend 18/18 automated tests passed, but manual/full-stack execution is still required.
A13: Scenario: Audit
A14: ADM-002 | B14: [Admin] List/filter/page | C14: 1. Mở `/admin/reports` 2. filter action/target/page | D14: UI/API/DB consistent; actor/action/time displayed; no export button | E14: Audit rows exist | F14: Pending | G14: 46229 | H14: Codex QA | I14: Pending | L14: Pending | O14: Test Data: action set Priority: P0 Type: Functional ROUND 1 ACTUAL RESULT (26 Jul 2026): PENDING — No automated test directly covers every step and expected result of this System Test. Backend 120/120 and frontend 18/18 automated tests passed, but manual/full-stack execution is still required.
A15: Scenario: Users
A16: ADM-003 | B16: [Admin] List/filter/detail | C16: 1. Filter type/status/level/role/search 2. detail | D16: Pagination/filters correct; deleted handled; secrets hidden | E16: Mixed users | F16: Pending | G16: 46229 | H16: Codex QA | I16: Pending | L16: Pending | O16: Test Data: query set Priority: P0 Type: Functional ROUND 1 ACTUAL RESULT (26 Jul 2026): PENDING — No automated test directly covers every step and expected result of this System Test. Backend 120/120 and frontend 18/18 automated tests passed, but manual/full-stack execution is still required.
A17: ADM-004 | B17: [Admin] Create Staff | C17: 1. Create Staff/Manager 2. duplicate/invalid email/role | D17: Correct role/status/temp setup; unique email; audit/email | E17: Admin logged in | F17: Pending | G17: 46229 | H17: Codex QA | I17: Pending | L17: Pending | O17: Test Data: valid/invalid Priority: P0 Type: Functional ROUND 1 ACTUAL RESULT (26 Jul 2026): PARTIALLY EXECUTED — AdminUserServiceTest passed Staff creation, duplicate rejection, and invitation dispatch; full browser and database verification remain.
A18: ADM-005 | B18: [Admin] Update Student/Staff | C18: 1. Edit allowed fields 2. invalid/overlong/XSS | D18: Only allowed fields update; role not changed by generic update; safe output | E18: Targets exist | F18: Pending | G18: 46229 | H18: Codex QA | I18: Pending | L18: Pending | O18: Test Data: payload set Priority: P1 Type: Security ROUND 1 ACTUAL RESULT (26 Jul 2026): PENDING — No automated test directly covers every step and expected result of this System Test. Backend 120/120 and frontend 18/18 automated tests passed, but manual/full-stack execution is still required.
A19: ADM-006 | B19: [Admin] Suspend/activate | C19: 1. Suspend reason min/max 2. activate 3. self-target cases | D19: State transition valid; sessions handled by policy; audit | E19: Active/suspended target | F19: Pending | G19: 46229 | H19: Codex QA | I19: Pending | L19: Pending | O19: Test Data: boundary reason Priority: P0 Type: Workflow ROUND 1 ACTUAL RESULT (26 Jul 2026): PARTIALLY EXECUTED — AdminUserServiceTest passed suspend/activate state rules; UI refresh, audit, and concurrent changes remain.
A20: ADM-007 | B20: [Admin] Reset password | C20: 1. Reset Student 2. inspect response/email | D20: No plaintext persisted/logged; secure reset flow; audit | E20: Target exists | F20: Pending | G20: 46229 | H20: Codex QA | I20: Pending | L20: Pending | O20: Test Data: user ID Priority: P0 Type: Security ROUND 1 ACTUAL RESULT (26 Jul 2026): PENDING — No automated test directly covers every step and expected result of this System Test. Backend 120/120 and frontend 18/18 automated tests passed, but manual/full-stack execution is still required.
A21: Scenario: Staff Reset
A22: ADM-008 | B22: [Admin] Request lifecycle | C22: 1. List 2. issue temp password 3. repeat/expired | D22: Completed once; Staff must change password; audit/email | E22: Pending Staff request | F22: Pending | G22: 46229 | H22: Codex QA | I22: Pending | L22: Pending | O22: Test Data: request IDs Priority: P0 Type: Workflow ROUND 1 ACTUAL RESULT (26 Jul 2026): PENDING — No automated test directly covers every step and expected result of this System Test. Backend 120/120 and frontend 18/18 automated tests passed, but manual/full-stack execution is still required.
A23: Scenario: Users
A24: ADM-009 | B24: [Admin] Soft delete/restore | C24: 1. Delete 2. login/direct API 3. restore | D24: status deleted; access blocked; related data retained; restore works; audit | E24: Target exists | F24: Pending | G24: 46229 | H24: Codex QA | I24: Pending | L24: Pending | O24: Test Data: Student/Staff Priority: P0 Type: Functional, Database ROUND 1 ACTUAL RESULT (26 Jul 2026): PARTIALLY EXECUTED — AdminUserServiceTest passed soft delete/restore and invalid transition rules; full UI and audit verification remain.
A25: ADM-010 | B25: [Admin] Change Staff role | C25: 1. Promote/demote 2. concurrent changes 3. invalid role | D25: staff_role updated only valid values; permissions change after new auth; audit | E25: Staff/Manager target | F25: Pending | G25: 46229 | H25: Codex QA | I25: Pending | L25: Pending | O25: Test Data: roles Priority: P0 Type: Permission, Concurrent ROUND 1 ACTUAL RESULT (26 Jul 2026): PARTIALLY EXECUTED — AdminUserServiceChangeRoleTest passed suspended-Staff rejection; valid role changes and complete audit/UI coverage remain.
A26: Scenario: Settings
A27: ADM-011 | B27: [Admin] Read group | C27: 1. Open settings 2. fetch allowed/unknown group | D27: Editable metadata correct; unknown group handled; secret values masked if applicable | E27: Settings seeded | F27: Pending | G27: 46229 | H27: Codex QA | I27: Pending | L27: Pending | O27: Test Data: system/email/... Priority: P1 Type: Functional ROUND 1 ACTUAL RESULT (26 Jul 2026): PENDING — The relevant external provider/file-delivery workflow was not available as a complete System Test environment. Mocked automated checks passed where present.
A28: ADM-012 | B28: [Admin] Update one/batch | C28: 1. Update string/int/bool/time 2. invalid type 3. batch partial error | D28: Validation by type; batch atomic; updated_by/time set; audit | E28: Admin logged in | F28: Pending | G28: 46229 | H28: Codex QA | I28: Pending | L28: Pending | O28: Test Data: boundary values Priority: P0 Type: Integration, Database ROUND 1 ACTUAL RESULT (26 Jul 2026): PENDING — No automated test directly covers every step and expected result of this System Test. Backend 120/120 and frontend 18/18 automated tests passed, but manual/full-stack execution is still required.
A29: ADM-013 | B29: [Admin] SMTP test | C29: Test success/failure/timeout/injection | D29: Clear result; no credential leak; failures handled/outbox policy as designed | E29: SMTP sandbox | F29: Pending | G29: 46229 | H29: Codex QA | I29: Pending | L29: Pending | O29: Test Data: SMTP payloads Priority: P1 Type: Integration, Security ROUND 1 ACTUAL RESULT (26 Jul 2026): PENDING — The relevant external provider/file-delivery workflow was not available as a complete System Test environment. Mocked automated checks passed where present.
A30: Scenario: Notification Rules
A31: ADM-014 | B31: [Admin] List/create/update | C31: CRUD through `/api/admin/notifications/rules` | D31: Rules list/create/update; duplicate key conflict; audit; API-only limitation documented | E31: Rule settings available | F31: Pending | G31: 46229 | H31: Codex QA | I31: Pending | L31: Pending | O31: Test Data: valid/duplicate/invalid Priority: P1 Type: Functional, API ROUND 1 ACTUAL RESULT (26 Jul 2026): PENDING — No automated test directly covers every step and expected result of this System Test. Backend 120/120 and frontend 18/18 automated tests passed, but manual/full-stack execution is still required.
A32: Scenario: UI/Permission
A33: ADM-015 | B33: [Admin] Menus/direct API | C33: 1. Traverse Admin routes 2. attempt Staff/Manager/Student actions | D33: Admin UI correct; non-authorized domain endpoints 403; no privilege confusion | E33: Admin logged in | F33: Pending | G33: 46229 | H33: Codex QA | I33: Pending | L33: Pending | O33: Test Data: routes/tokens Priority: P0 Type: Permission, Regression ROUND 1 ACTUAL RESULT (26 Jul 2026): PENDING — Frontend unit tests, lint, and production build passed, but no Playwright/Cypress browser runner is configured for this end-to-end UI scenario.
A34: Scenario: Gap-check
A35: ADM-016 | B35: [Admin] Report/export scope vs UC-38 | C35: 1. Mở `/admin/reports` 2. tìm nút xuất PDF/CSV/Excel và biểu đồ tăng trưởng người dùng/hiệu suất học tập theo mô tả UC-38 | D35: Xác nhận hiện trạng `/admin/reports` chỉ hiển thị Audit Log (ADM-002), KHÔNG có export hay biểu đồ growth/performance; ghi nhận deviation so với đặc tả UC-38, cần Product xác nhận đây là giảm phạm vi có chủ đích hay backlog còn thiếu | E35: Admin logged in | F35: Passed | G35: 46229 | H35: Codex QA | I35: Pending | L35: Pending | O35: Test Data: N/A Priority: P1 Type: Gap, Regression ROUND 1 ACTUAL RESULT (26 Jul 2026): PASSED — Static route and source inventory confirmed that Admin Reports currently exposes audit data without the full PDF/CSV/Excel reporting scope.

Sheet CrossRole_Security
A2: Workflow | B2: CrossRole_Security | R2: Passed
A3: Test requirement | B3: Cross-role authorization, security, reliability, UI and database | R3: Failed
A4: Number of TCs | B4: =COUNTA(A12:A1000) | R4: Pending
A5: Testing Round | B5: Passed | C5: Failed | D5: Pending | E5: N/A | R5: N/A
A6: Round 1 | B6: =COUNTIF($F$12:$F$1000,"Passed") | C6: =COUNTIF($F$12:$F$1000,"Failed") | D6: =COUNTIF($F$12:$F$1000,"Pending") | E6: =COUNTIF($F$12:$F$1000,"N/A")
A7: Round 2 | B7: =COUNTIF($I$12:$I$1000,"Passed") | C7: =COUNTIF($I$12:$I$1000,"Failed") | D7: =COUNTIF($I$12:$I$1000,"Pending") | E7: =COUNTIF($I$12:$I$1000,"N/A")
A8: Round 3 | B8: =COUNTIF($L$12:$L$1000,"Passed") | C8: =COUNTIF($L$12:$L$1000,"Failed") | D8: =COUNTIF($L$12:$L$1000,"Pending") | E8: =COUNTIF($L$12:$L$1000,"N/A")
A10: Test Case ID | B10: Test Case Description | C10: Test Case Procedure | D10: Expected Results | E10: Pre-conditions | F10: Round 1 | G10: Test date | H10: Tester | I10: Round 2 | J10: Test date | K10: Tester | L10: Round 3 | M10: Test date | N10: Tester | O10: Note
A11: Scenario: Authorization
A12: SEC-001 | B12: [Mọi role] Cross-role matrix | C12: Gọi `/students`, `/staff`, `/manager`, `/admin` bằng từng token | D12: Allowed đúng role; còn lại 403; no data leak | E12: Tokens for all roles | F12: Pending | G12: 46229 | H12: Codex QA | I12: Pending | L12: Pending | O12: Test Data: token matrix Priority: P0 Type: Permission, Security ROUND 1 ACTUAL RESULT (26 Jul 2026): PENDING — This security/database/recovery scenario requires a running full stack, MySQL, multiple role accounts, or a dedicated security/performance tool. Docker is not installed.
A13: SEC-002 | B13: [Mọi role] IDOR | C13: Thay user/content/ticket/attempt/submission IDs | D13: 403/404; không đọc/sửa dữ liệu của actor khác | E13: Two actors each role | F13: Pending | G13: 46229 | H13: Codex QA | I13: Pending | L13: Pending | O13: Test Data: foreign IDs Priority: P0 Type: Security ROUND 1 ACTUAL RESULT (26 Jul 2026): PENDING — This security/database/recovery scenario requires a running full stack, MySQL, multiple role accounts, or a dedicated security/performance tool. Docker is not installed.
A14: Scenario: API
A15: SEC-003 | B15: [Khách] No token/malformed | C15: Gọi mọi protected API không token/malformed | D15: 401 JSON chuẩn; không redirect HTML; DB unchanged | E15: None | F15: Passed | G15: 46229 | H15: Codex QA | I15: Pending | L15: Pending | O15: Test Data: no/invalid token Priority: P0 Type: Security, API ROUND 1 ACTUAL RESULT (26 Jul 2026): PASSED — AssessmentControllerIntegrationTest rejected an unauthenticated request and JwtProviderTest rejected an invalid token.
A16: Scenario: Input
A17: SEC-004 | B17: [Mọi role] SQL injection | C17: Gửi SQL payload vào search/filter/body | D17: Query parameterized; no auth bypass/data change/500 | E17: App running | F17: Pending | G17: 46229 | H17: Codex QA | I17: Pending | L17: Pending | O17: Test Data: `SQL-XSS` Priority: P0 Type: Security ROUND 1 ACTUAL RESULT (26 Jul 2026): PENDING — This security/database/recovery scenario requires a running full stack, MySQL, multiple role accounts, or a dedicated security/performance tool. Docker is not installed.
A18: SEC-005 | B18: [Mọi role] Stored/reflected XSS | C18: 1. Lưu payload 2. mở mọi nơi hiển thị | D18: Escaped/sanitized; CSP/browser không execute | E18: Writable text fields | F18: Pending | G18: 46229 | H18: Codex QA | I18: Pending | L18: Pending | O18: Test Data: XSS payload Priority: P0 Type: Security, UI ROUND 1 ACTUAL RESULT (26 Jul 2026): PENDING — Frontend unit tests, lint, and production build passed, but no Playwright/Cypress browser runner is configured for this end-to-end UI scenario.
A19: Scenario: API
A20: SEC-006 | B20: [Mọi role] Mass assignment | C20: Thêm fields role/status/score/creator/approvedBy vào DTO | D20: Ignored/rejected; server-owned fields unchanged | E20: Authenticated | F20: Pending | G20: 46229 | H20: Codex QA | I20: Pending | L20: Pending | O20: Test Data: forged fields Priority: P0 Type: Security ROUND 1 ACTUAL RESULT (26 Jul 2026): PENDING — This security/database/recovery scenario requires a running full stack, MySQL, multiple role accounts, or a dedicated security/performance tool. Docker is not installed.
A21: SEC-007 | B21: [Mọi role] Method/content type | C21: Dùng sai HTTP method/content-type/malformed JSON | D21: 405/415/400; response chuẩn; no stack trace | E21: Authenticated | F21: Pending | G21: 46229 | H21: Codex QA | I21: Pending | L21: Pending | O21: Test Data: request variants Priority: P1 Type: API, Negative ROUND 1 ACTUAL RESULT (26 Jul 2026): PENDING — This security/database/recovery scenario requires a running full stack, MySQL, multiple role accounts, or a dedicated security/performance tool. Docker is not installed.
A22: Scenario: CORS/Headers
A23: SEC-008 | B23: [Mọi role] Browser security | C23: 1. Request allowed/disallowed Origin 2. inspect headers/cookies | D23: CORS allowlist đúng; secure headers; token không lộ URL/log | E23: App deployed | F23: Pending | G23: 46229 | H23: Codex QA | I23: Pending | L23: Pending | O23: Test Data: origins Priority: P1 Type: Security ROUND 1 ACTUAL RESULT (26 Jul 2026): PENDING — Frontend unit tests, lint, and production build passed, but no Playwright/Cypress browser runner is configured for this end-to-end UI scenario.
A24: Scenario: Upload
A25: SEC-009 | B25: [Student/Staff] Malicious file | C25: Double extension, MIME spoof, huge, traversal filename | D25: Reject; random safe filename; no code execution/path escape | E25: Logged in | F25: Pending | G25: 46229 | H25: Codex QA | I25: Pending | L25: Pending | O25: Test Data: `FILE-BAD` Priority: P0 Type: Security ROUND 1 ACTUAL RESULT (26 Jul 2026): PENDING — This security/database/recovery scenario requires a running full stack, MySQL, multiple role accounts, or a dedicated security/performance tool. Docker is not installed.
A26: Scenario: Error
A27: SEC-010 | B27: [Mọi role] 400/401/403/404/409/422/500 | C27: Trigger each error from UI/API | D27: Status/message/data chuẩn; no stack/SQL/secrets; UI recoverable | E27: Fault injection | F27: Pending | G27: 46229 | H27: Codex QA | I27: Pending | L27: Pending | O27: Test Data: error fixtures Priority: P0 Type: Integration, UI ROUND 1 ACTUAL RESULT (26 Jul 2026): PARTIALLY EXECUTED — Integration tests passed representative 400, 401, 404, and 422 responses; the full 403/409/500 matrix remains.
A28: Scenario: Database
A29: SEC-011 | B29: [System] Flyway clean install | C29: 1. Start backend 2. inspect schema | D29: 28 tables + 1 view; checks/index/FK; Hibernate validate passes | E29: Empty MySQL 8.4 | F29: Pending | G29: 46229 | H29: Codex QA | I29: Pending | L29: Pending | O29: Test Data: migrations V1..V32 Priority: P0 Type: Smoke, Database ROUND 1 ACTUAL RESULT (26 Jul 2026): PENDING — This security/database/recovery scenario requires a running full stack, MySQL, multiple role accounts, or a dedicated security/performance tool. Docker is not installed.
A30: SEC-012 | B30: [System] Charset/timezone | C30: 1. Store `JP-TEXT` 2. compare timestamps | D30: utf8mb4 round-trip; UTC timestamps consistent | E30: Migrated DB | F30: Pending | G30: 46229 | H30: Codex QA | I30: Pending | L30: Pending | O30: Test Data: Japanese/emoji Priority: P0 Type: Database ROUND 1 ACTUAL RESULT (26 Jul 2026): PENDING — This security/database/recovery scenario requires a running full stack, MySQL, multiple role accounts, or a dedicated security/performance tool. Docker is not installed.
A31: SEC-013 | B31: [System] Constraints | C31: Violate user email, topic unique, actor checks, sender checks, progress unique | D31: Constraint blocks; API maps to controlled error; transaction rollback | E31: Migrated DB | F31: Pending | G31: 46229 | H31: Codex QA | I31: Pending | L31: Pending | O31: Test Data: invalid SQL/API Priority: P0 Type: Database, Negative ROUND 1 ACTUAL RESULT (26 Jul 2026): PENDING — This security/database/recovery scenario requires a running full stack, MySQL, multiple role accounts, or a dedicated security/performance tool. Docker is not installed.
A32: SEC-014 | B32: [System] Soft delete/cascade | C32: 1. Soft delete via API 2. verify relations 3. controlled hard-delete fixture | D32: Soft delete retains history; cascade only documented dependents | E32: Related fixture | F32: Pending | G32: 46229 | H32: Codex QA | I32: Pending | L32: Pending | O32: Test Data: entity graph Priority: P0 Type: Database ROUND 1 ACTUAL RESULT (26 Jul 2026): PARTIALLY EXECUTED — Admin and Manager service tests passed selected soft-delete/restore transitions; complete cascade and cross-entity database checks remain.
A33: Scenario: Audit
A34: SEC-015 | B34: [Mọi role] Audit completeness | C34: Query audit rows | D34: Exactly one actor; action/target/time/IP meaningful; no secret payload | E34: Perform critical actions | F34: Pending | G34: 46229 | H34: Codex QA | I34: Pending | L34: Pending | O34: Test Data: action list Priority: P0 Type: Database, Security ROUND 1 ACTUAL RESULT (26 Jul 2026): PENDING — This security/database/recovery scenario requires a running full stack, MySQL, multiple role accounts, or a dedicated security/performance tool. Docker is not installed.
A35: Scenario: Email
A36: SEC-016 | B36: [System] Retry/outbox | C36: 1. Trigger email 2. fail retries 3. restore SMTP 4. retry worker | D36: Attempt count/error/status correct; eventual sent; no duplicate mail | E36: SMTP fails | F36: Passed | G36: 46229 | H36: Codex QA | I36: Pending | L36: Pending | O36: Test Data: failure fixture Priority: P0 Type: Integration ROUND 1 ACTUAL RESULT (26 Jul 2026): PASSED — EmailServiceTest passed retry, outbox, maximum-attempt, success, and persistent-failure scenarios.
A37: Scenario: Concurrency
A38: SEC-017 | B38: [Mọi role] Optimistic/state race | C38: Concurrent review, grade, submit, suspend, settings batch | D38: One valid final state; conflicts explicit; no lost update/duplicate audit | E38: Two sessions | F38: Pending | G38: 46229 | H38: Codex QA | I38: Pending | L38: Pending | O38: Test Data: same target Priority: P0 Type: Concurrent ROUND 1 ACTUAL RESULT (26 Jul 2026): PARTIALLY EXECUTED — Mock Exam tests passed replay/state-transition rejection; true simultaneous request races were not executed.
A39: Scenario: UI
A40: SEC-018 | B40: [Mọi role] Accessibility | C40: 1. Keyboard navigation 2. labels 3. focus 4. contrast 5. modal trap 6. screen reader smoke | D40: No critical WCAG A/AA issue; error linked to field; focus restored | E40: Pages loaded | F40: Pending | G40: 46229 | H40: Codex QA | I40: Pending | L40: Pending | O40: Test Data: axe scan Priority: P2 Type: UI, Regression ROUND 1 ACTUAL RESULT (26 Jul 2026): PENDING — Frontend unit tests, lint, and production build passed, but no Playwright/Cypress browser runner is configured for this end-to-end UI scenario.
A41: SEC-019 | B41: [Mọi role] Responsive/browser | C41: Run critical flows on 3 browsers and 360/768/1440 widths | D41: No clipping/blocking; menus/forms/tables usable | E41: Test environments | F41: Pending | G41: 46229 | H41: Codex QA | I41: Pending | L41: Pending | O41: Test Data: viewports Priority: P2 Type: Regression ROUND 1 ACTUAL RESULT (26 Jul 2026): PENDING — Frontend unit tests, lint, and production build passed, but no Playwright/Cypress browser runner is configured for this end-to-end UI scenario.
A42: Scenario: Reliability
A43: SEC-020 | B43: [System] Restart/recovery | C43: Restart backend during pending state | D43: DB state retained; no corrupt/duplicate processing; app health recovers | E43: Running jobs/submissions/outbox | F43: Pending | G43: 46229 | H43: Codex QA | I43: Pending | L43: Pending | O43: Test Data: pending records Priority: P1 Type: Reliability ROUND 1 ACTUAL RESULT (26 Jul 2026): PENDING — This security/database/recovery scenario requires a running full stack, MySQL, multiple role accounts, or a dedicated security/performance tool. Docker is not installed.
A44: Scenario: Performance
A45: SEC-021 | B45: [System] Basic SLA | C45: Measure login/list/search/submit/dashboard | D45: Meets agreed SLA; pagination prevents unbounded payload; no N+1 blocker | E45: Production-like dataset | F45: Pending | G45: 46229 | H45: Codex QA | I45: Pending | L45: Pending | O45: Test Data: p95 sample Priority: P2 Type: Performance ROUND 1 ACTUAL RESULT (26 Jul 2026): PENDING — This security/database/recovery scenario requires a running full stack, MySQL, multiple role accounts, or a dedicated security/performance tool. Docker is not installed.
A46: Scenario: Privacy
A47: SEC-022 | B47: [Mọi role] Logs/response | C47: 1. Execute auth/upload/error flows 2. inspect logs/network | D47: No password, OTP, full token, SMTP secret or stack trace exposed | E47: Logging enabled | F47: Pending | G47: 46229 | H47: Codex QA | I47: Pending | L47: Pending | O47: Test Data: secrets/tokens Priority: P0 Type: Security ROUND 1 ACTUAL RESULT (26 Jul 2026): PARTIALLY EXECUTED — Automated tests verified safe error responses for selected paths; full log redaction and stack-trace inspection remain.

Sheet Traceability
A1: REQUIREMENT TRACEABILITY MATRIX
A3: Requirement | B3: Feature | C3: Role | D3: Test Case | E3: Implementation Status
A4: UC-01 | B4: User Login (kể cả Google OAuth) | C4: Student (+ mọi role dùng chung cơ chế login) | D4: AUTH-007–AUTH-009, AUTH-015, AUTH-016 | E4: ✅ Implemented
A5: UC-02 | B5: User Register | C5: Khách | D5: AUTH-002–AUTH-004 | E5: ✅ Implemented
A6: UC-03 | B6: Reset Password | C6: Khách/Student | D6: AUTH-013, AUTH-014 | E6: ✅ Implemented
A7: UC-04 | B7: User Profile | C7: Student | D7: STU-004, STU-005 | E7: ✅ Implemented
A8: UC-05 | B8: Change Password | C8: Student | D8: STU-006 | E8: ✅ Implemented
A9: UC-06 | B9: Learn Grammar | C9: Student | D9: STU-014 | E9: ✅ Implemented
A10: UC-07 | B10: Learn Kanji | C10: Student | D10: STU-015 | E10: ✅ Implemented
A11: UC-08 | B11: Learn Kana | C11: Student | D11: STU-011 | E11: ✅ Implemented
A12: UC-09 | B12: Vocabulary | C12: Student | D12: STU-012, STU-013 | E12: ✅ Implemented
A13: UC-10 | B13: Take JLPT Mock Test | C13: Student | D13: STU-022–STU-024 | E13: ✅ Implemented
A14: UC-11 | B14: Practice & Quiz | C14: Student | D14: STU-018–STU-021 | E14: ✅ Implemented
... A48: NFR-PERF | B48: Basic performance | C48: System | D48: SEC-021 | E48: Covered

Sheet Execution Results
A1: TEST EXECUTION RESULTS — 26/07/2026
A3: Item | B3: Command / Activity | C3: Status | D3: Evidence / Limitation
A4: Backend automated tests | B4: mvn test | C4: Passed | D4: 120 tests passed; 0 failures, 0 errors, 0 skipped. H2 integration profile used.
A5: Backend package | B5: mvn package -DskipTests | C5: Passed | D5: Spring Boot JAR packaged successfully: target/jlpt-backend-2.0.0.jar.
A6: Frontend automated tests | B6: npm.cmd run test | C6: Passed | D6: 18 tests passed in 5 test files.
A7: Frontend lint | B7: npm.cmd run lint | C7: Passed | D7: ESLint completed with 0 errors and 0 warnings.
A8: Frontend production build | B8: npm.cmd run build | C8: Passed | D8: Vite production build succeeded; 384 modules transformed.
A9: Full-stack Docker/MySQL | B9: docker compose up | C9: Blocked | D9: Docker executable is not installed in the execution environment.
A10: Browser end-to-end suite | B10: Playwright/Cypress | C10: Not Executed | D10: No browser E2E runner or complete role-account fixture is configured.
A11: External integrations | B11: Google OAuth / SMTP / real uploads | C11: Not Executed | D11: External credentials/providers were not exercised; mocked tests were used where available.
A12: System Test Round 1 | B12: 142 workbook scenarios | C12: Partial | D12: 11 passed with complete direct evidence; 131 pending full manual/full-stack execution; 0 failed.
A13: Release assessment | B13: Entry/exit criteria review | C13: Not Ready | D13: System Test exit criteria are not met because browser, MySQL, external integration, and full permission-matrix execution remain pending.
