Workbook

Sheet LIST
A1: Full_name | B1: Roll_number | C1: Email Account | D1: Gx | E1: TL? | F1: Notes | G1: OG | H1: Iter1 | I1: Req | J1: Requirement (Req) Comments | K1: Design | L1: Design Comments | M1: Process1 | N1: Process1 Comments | O1: Iter2 | P1: R&D | Q1: Requirement & Design (R&D) Comments | R1: Process2 | S1: Process2 Comments | T1: LG2 | U1: LOC2 | V1: Iter3 | W1: R&D | X1: Requirement & Design (R&D) Comments | Y1: Testing | Z1: Testing Comments | AA1: Process3 | AB1: Process3 Comments | AC1: LG2 | AD1: LOC2
G2: =H2+O2+V2 | H2: 0.15 | I2: 0.5 | K2: 0.3 | M2: 0.2 | O2: 0.2 | P2: 0.3 | R2: 0.2 | T2: 0.5 | V2: 0.25 | W2: 0.1 | Y2: 0.3 | AA2: 0.1 | AC2: 0.5
A3: TienDat-Vna | B3: TODO: MSSV | C3: TienDat-Vna | D3: Team | F3: TODO: MSSV thật (chưa có trong repo). Điểm Design/R&D/Process/Testing là GỢI Ý AI dựa trên số commit + độ phức tạp tính năng thật trong repo - cần leader/giảng viên xác nhận lại trước khi dùng làm điểm chính thức. | G3: =(H3*H$2+O3*O$2+V3*V$2)/G$2 | H3: =MAX(0, MIN(10, K3*K$2+M3*M$2+I3)) | I3: 0.5 | K3: 8 | L3: Auth API (JWT, Admin 2FA, soft-delete logout) hoàn thiện, có test tự động (AuthControllerIntegrationTest, AuthenticationServiceTest) | M3: =MIN(10,N3/18) | N3: 135 | O3: =MAX(0, MIN(10, P3*P$2+R3*R$2+T3*T$2)) | P3: 0.5 | R3: 8 | S3: Khởi tạo Assessment/Mock Test JLPT (UC-10), có test (MockExamServiceTest, AssessmentControllerIntegrationTest) | T3: =MIN(10,U3/42) | U3: 157.5 | V3: =MAX(0, MIN(10, W3*W$2+Y3*Y$2+ AA3*AA$2+AC3*AC$2)) | W3: 0.5 | Y3: 6 | Z3: Migrate DB sang MySQL 8 + kiến trúc cloud-native (ADR-009); fix loạt bug Kanji (CDN 404, animation nét vẽ) | AA3: 7 | AB3: Dẫn đầu xử lý sự cố production (502 crash-loop, SMTP fail, sai mật khẩu SA) + viết báo cáo sự cố | AC3: =MIN(10,AD3/42) | AD3: 105
A4: MinhPham | B4: TODO: MSSV | C4: MinhPham | D4: Team | F4: TODO: MSSV thật (chưa có trong repo). Điểm Design/R&D/Process/Testing là GỢI Ý AI dựa trên số commit + độ phức tạp tính năng thật trong repo - cần leader/giảng viên xác nhận lại trước khi dùng làm điểm chính thức. | G4: =(H4*H$2+O4*O$2+V4*V$2)/G$2 | H4: =MAX(0, MIN(10, K4*K$2+M4*M$2+I4)) | I4: 0.5 | K4: 6 | L4: UI trang chủ (Homepage) + spec thiết kế frontend | M4: =MIN(10,N4/18) | N4: 45 | O4: =MAX(0, MIN(10, P4*P$2+R4*R$2+T4*T$2)) | P4: 0.5 | R4: 8 | S4: Flashcard SRS, Vocabulary (UC-09), Support & Notification - 3 module hoàn thiện, chiếm phần lớn tính năng của hệ thống | T4: =MIN(10,U4/42) | U4: 240 | V4: =MAX(0, MIN(10, W4*W$2+Y4*Y$2+ AA4*AA$2+AC4*AC$2)) | W4: 0.5 | Y4: 7 | Z4: Luyện nói & chấm điểm (UC-13, UC-31) + siết validation toàn hệ thống (G1-G7, có test) | AA4: 8 | AB4: Siết validation input toàn hệ thống, docs(validation): catalog lỗi validation | AC4: =MIN(10,AD4/42) | AD4: 217.5
A5: hung02042005 | B5: TODO: MSSV | C5: hung02042005 | D5: Team | F5: TODO: MSSV thật (chưa có trong repo). Điểm Design/R&D/Process/Testing là GỢI Ý AI dựa trên số commit + độ phức tạp tính năng thật trong repo - cần leader/giảng viên xác nhận lại trước khi dùng làm điểm chính thức. | G5: =(H5*H$2+O5*O$2+V5*V$2)/G$2 | H5: =MAX(0, MIN(10, K5*K$2+M5*M$2+I5)) | I5: 0.5 | K5: 6 | L5: Cấu hình FE/BE ban đầu + màn hình Đăng nhập/Đăng ký/Quên mật khẩu (FE) | M5: =MIN(10,N5/18) | N5: 60 | O5: =MAX(0, MIN(10, P5*P$2+R5*R$2+T5*T$2)) | P5: 0.5 | R5: 7 | S5: Dashboard + Quản lý học viên (Staff) - backend + nối FE | T5: =MIN(10,U5/42) | U5: 90 | V5: =MAX(0, MIN(10, W5*W$2+Y5*Y$2+ AA5*AA$2+AC5*AC$2)) | W5: 0.5 | Y5: 5 | Z5: Cập nhật luồng Luyện nói cho Staff/StaffManager | AA5: 6 | AB5: Fix UI Staff/Manager + onboarding, fix feedback manager | AC5: =MIN(10,AD5/42) | AD5: 60
A6: Duyxh | B6: TODO: MSSV | C6: Duyxh | D6: Team | F6: TODO: MSSV thật (chưa có trong repo). Điểm Design/R&D/Process/Testing là GỢI Ý AI dựa trên số commit + độ phức tạp tính năng thật trong repo - cần leader/giảng viên xác nhận lại trước khi dùng làm điểm chính thức. | G6: =(H6*H$2+O6*O$2+V6*V$2)/G$2 | H6: =MAX(0, MIN(10, K6*K$2+M6*M$2+I6)) | I6: 0.5 | K6: 5 | L6: Soạn use case, database design, test case cho module Authentication (tài liệu, chưa có code riêng trong Iter1) | M6: =MIN(10,N6/18) | N6: 30 | O6: =MAX(0, MIN(10, P6*P$2+R6*R$2+T6*T$2)) | P6: 0.5 | R6: 6 | S6: Trang Ngữ pháp (Grammar) + Learning content status converter | T6: =MIN(10,U6/42) | U6: 60 | V6: =MAX(0, MIN(10, W6*W$2+Y6*Y$2+ AA6*AA$2+AC6*AC$2)) | W6: 0.5 | Y6: 5 | Z6: ManagerDeletedContent: soft-delete/restore chủ đề từ vựng (StaffManager, UC-33/34) | AA6: 5 | AB6: Fix Kanji/Kana + spotless CI | AC6: =MIN(10,AD6/42) | AD6: 60
A7: lanhphung | B7: TODO: MSSV | C7: lanhphung | D7: Team | F7: TODO: MSSV thật (chưa có trong repo). Điểm Design/R&D/Process/Testing là GỢI Ý AI dựa trên số commit + độ phức tạp tính năng thật trong repo - cần leader/giảng viên xác nhận lại trước khi dùng làm điểm chính thức. | G7: =(H7*H$2+O7*O$2+V7*V$2)/G$2 | H7: =MAX(0, MIN(10, K7*K$2+M7*M$2+I7)) | M7: =MIN(10,N7/18) | O7: =MAX(0, MIN(10, P7*P$2+R7*R$2+T7*T$2)) | P7: 0.5 | R7: 5 | S7: Migrate backend từ layer-based sang feature-based architecture - công việc cấu trúc/hạ tầng, không gắn với 1 màn hình cụ thể | T7: =MIN(10,U7/42) | U7: 30 | V7: =MAX(0, MIN(10, W7*W$2+Y7*Y$2+ AA7*AA$2+AC7*AC$2)) | AC7: =MIN(10,AD7/42)

Sheet Team
A1: IterX | B1: Screen/Function | C1: Feature | D1: In Charge | E1: Status | F1: LOC | G1: Demo Comments | H1: Quality | I1: Complexity | J1: Complexity Check
A2: Iter1 | B2: Đăng nhập / Đăng ký / Quên mật khẩu (API) | C2: Authentication | D2: TienDat-Vna | E2: Done | F2: =IF(E2="Done", VLOOKUP(H2,Params!$B$27:$C$29,2,FALSE)*VLOOKUP(I2,Params!$K$12:$N$18,4,FALSE),0) | G2: JWT + Admin 2FA + soft-delete logout, nhiều role - test: AuthControllerIntegrationTest, AuthenticationServiceTest | H2: L2_All Cases | I2: Level 5 | J2: =VLOOKUP(I2,Params!$K$12:$O$18,5,FALSE)
A3: Iter1 | B3: Trang Đăng nhập / Đăng ký (FE) | C3: Authentication UI | D3: hung02042005 | E3: Done | F3: =IF(E3="Done", VLOOKUP(H3,Params!$B$27:$C$29,2,FALSE)*VLOOKUP(I3,Params!$K$12:$N$18,4,FALSE),0) | G3: login/forgetpassword/register FE ban đầu | H3: L1_Happy Cases | I3: Level 3 | J3: =VLOOKUP(I3,Params!$K$12:$O$18,5,FALSE)
A4: Iter1 | B4: Trang chủ (Homepage) | C4: Marketing/Home | D4: MinhPham | E4: Done | F4: =IF(E4="Done", VLOOKUP(H4,Params!$B$27:$C$29,2,FALSE)*VLOOKUP(I4,Params!$K$12:$N$18,4,FALSE),0) | G4: UI homepage + spec thiết kế FE | H4: L1_Happy Cases | I4: Level 2 | J4: =VLOOKUP(I4,Params!$K$12:$O$18,5,FALSE)
A5: Iter1 | B5: Đặc tả Use Case & Database Design | C5: Documentation | D5: Duyxh | E5: Done | F5: =IF(E5="Done", VLOOKUP(H5,Params!$B$27:$C$29,2,FALSE)*VLOOKUP(I5,Params!$K$12:$N$18,4,FALSE),0) | G5: Tài liệu (database.md, usecase.md, spec manage-user, test case feat-auth) - không phải code màn hình | H5: L1_Happy Cases | I5: Level 1 | J5: =VLOOKUP(I5,Params!$K$12:$O$18,5,FALSE)
A6: Iter2 | B6: Flashcard SRS (ôn tập ngắt quãng) | C6: Flashcard | D6: MinhPham | E6: Done | F6: =IF(E6="Done", VLOOKUP(H6,Params!$B$27:$C$29,2,FALSE)*VLOOKUP(I6,Params!$K$12:$N$18,4,FALSE),0) | G6: 11/13 commit liên quan flashcard trong repo do MinhPham thực hiện | H6: L1_Happy Cases | I6: Level 6 | J6: =VLOOKUP(I6,Params!$K$12:$O$18,5,FALSE)
A7: Iter2 | B7: Danh sách từ vựng (UC-09) | C7: Vocabulary | D7: MinhPham | E7: Done | F7: =IF(E7="Done", VLOOKUP(H7,Params!$B$27:$C$29,2,FALSE)*VLOOKUP(I7,Params!$K$12:$N$18,4,FALSE),0) | G7: GET /api/vocabulary danh sách từ vựng cho Student | H7: L1_Happy Cases | I7: Level 3 | J7: =VLOOKUP(I7,Params!$K$12:$O$18,5,FALSE)
A8: Iter2 | B8: Ticket hỗ trợ & Thông báo | C8: Support & Notification | D8: MinhPham | E8: Done | F8: =IF(E8="Done", VLOOKUP(H8,Params!$B$27:$C$29,2,FALSE)*VLOOKUP(I8,Params!$K$12:$N$18,4,FALSE),0) | G8: Port + hoàn thiện luồng ticket/notification | H8: L1_Happy Cases | I8: Level 4 | J8: =VLOOKUP(I8,Params!$K$12:$O$18,5,FALSE)
A9: Iter2 | B9: Dashboard & Quản lý học viên (Staff) | C9: Staff Content | D9: hung02042005 | E9: Done | F9: =IF(E9="Done", VLOOKUP(H9,Params!$B$27:$C$29,2,FALSE)*VLOOKUP(I9,Params!$K$12:$N$18,4,FALSE),0) | G9: Màn Dashboard + Quản lý học viên, backend + nối FE | H9: L1_Happy Cases | I9: Level 5 | J9: =VLOOKUP(I9,Params!$K$12:$O$18,5,FALSE)
A10: Iter2 | B10: Assessment / Mock Test JLPT | C10: Assessment | D10: TienDat-Vna | E10: Done | F10: =IF(E10="Done", VLOOKUP(H10,Params!$B$27:$C$29,2,FALSE)*VLOOKUP(I10,Params!$K$12:$N$18,4,FALSE),0) | G10: feat(assessment): implement assessment and mock test - test: MockExamServiceTest, AssessmentControllerIntegrationTest, MockExamControllerIntegrationTest | H10: L2_All Cases | I10: Level 6 | J10: =VLOOKUP(I10,Params!$K$12:$O$18,5,FALSE)
A11: Iter2 | B11: Trang Ngữ pháp (Grammar) | C11: Grammar | D11: Duyxh | E11: Done | F11: =IF(E11="Done", VLOOKUP(H11,Params!$B$27:$C$29,2,FALSE)*VLOOKUP(I11,Params!$K$12:$N$18,4,FALSE),0) | G11: 5/10 commit liên quan trang Grammar do Duyxh thực hiện | H11: L1_Happy Cases | I11: Level 3 | J11: =VLOOKUP(I11,Params!$K$12:$O$18,5,FALSE)
A12: Iter2 | B12: Migrate kiến trúc backend sang feature-based | C12: Refactor hạ tầng | D12: lanhphung | E12: Done | F12: =IF(E12="Done", VLOOKUP(H12,Params!$B$27:$C$29,2,FALSE)*VLOOKUP(I12,Params!$K$12:$N$18,4,FALSE),0) | G12: Công việc cấu trúc/kiến trúc toàn hệ thống, không gắn với 1 màn hình cụ thể - rubric này dành cho screen/function nên áp mức thấp nhất | H12: L1_Happy Cases | I12: Level 1 | J12: =VLOOKUP(I12,Params!$K$12:$O$18,5,FALSE)
A13: Iter3 | B13: Luyện nói & Chấm điểm (UC-13, UC-31) | C13: Speaking | D13: MinhPham | E13: Done | F13: =IF(E13="Done", VLOOKUP(H13,Params!$B$27:$C$29,2,FALSE)*VLOOKUP(I13,Params!$K$12:$N$18,4,FALSE),0) | G13: Hoàn thiện ghi âm + chấm điểm, sau đó refactor bỏ AI tự chấm chỉ giữ giáo viên chấm | H13: L1_Happy Cases | I13: Level 6 | J13: =VLOOKUP(I13,Params!$K$12:$O$18,5,FALSE)
... A18: Iter3 | B18: Validation input toàn hệ thống (G1-G7) | C18: Validation hardening | D18: MinhPham | E18: Done | F18: =IF(E18="Done", VLOOKUP(H18,Params!$B$27:$C$29,2,FALSE)*VLOOKUP(I18,Params!$K$12:$N$18,4,FALSE),0) | G18: feat(validation): siết validation L2+L3 cho staff/manager/admin, có catalog lỗi validation | H18: L2_All Cases | I18: Level 4 | J18: =VLOOKUP(I18,Params!$K$12:$O$18,5,FALSE)

Sheet Params
B1: Item | C1: Failed | D1: Normal Cases | G1: Best Case | H1: Notes
B2: No of screens/functions | C2: 4 | D2: 5 | E2: 6 | F2: 7 | G2: 8 | H2: Tổng số screens/functions hoàn thiện đủ happy cases
B3: Maximum LOC (C) | C3: =C2*1/3*90+C2*1/3*120+C2*1/3*150 | D3: =D2*1/3*90+D2*1/3*120+D2*1/3*150 | E3: =E2*1/3*90+E2*1/3*120+E2*1/3*150 | F3: =F2*1/3*90+F2*1/3*120+F2*1/3*150 | G3: =G2*1/3*90+G2*1/3*120+G2*1/3*150 | H3: Số LOC quy đổi (L2-3-4 = 33%, 33%, 33%)
B4: Quality Level (Q) | C4: 0.5 | D4: 0.5 | E4: 0.75 | F4: 0.75 | G4: 0.75 | H4: Chất lượng màn hình/chức năng**
B5: Evaluated LOC | C5: =C3*C4 | D5: =D3*D4 | E5: =E3*E4 | F5: =F3*F4 | G5: =G3*G4 | H5: Số LOC đạt được (LOC = C*Q)
B6: LOC Grade (LG) | C6: =C5/660*10 | D6: =D5/660*10 | E6: =E5/660*10 | F6: =F5/660*10 | G6: =G5/660*10 | H6: 0.7 | I6: Tỷ trọng điểm LOC
B7: Non-LOC Grade (Pkg) | C7: 6 | D7: 6 | E7: 7 | F7: 7 | G7: 8 | H7: 0.3 | I7: Tỷ trọng điểm quy trình, material liên quan..
B8: ĐIỂM ĐÁNH GIÁ (/10) | C8: =C6*$H$6+C7*$H$7 | D8: =D6*$H$6+D7*$H$7 | E8: =E6*$H$6+E7*$H$7 | F8: =F6*$H$6+F7*$H$7 | G8: =G6*$H$6+G7*$H$7
B10: Converted LOC (for each of the complexity levels)
B11: Complexity Level | C11: Level 1 | D11: Level 2 | E11: Level 3 | F11: Level 4 | G11: Level 5 | H11: Level 6 | I11: Level 7 | K11: Level | L11: Fields | M11: Trans* | N11: LOC | O11: Notes
B12: Converted LOC | C12: 60 | D12: 90 | E12: 120 | F12: 150 | G12: 180 | H12: 210 | I12: 240 | K12: Level 1 | L12: 3-5 | M12: 2 | N12: 60 | O12: =L12 & " fields OR " & M12 & " trans"
K13: Level 2 | L13: 6-7 | M13: 3 | N13: 90 | O13: =L13 & " fields OR " & M13 & " trans"
B14: Screen/Function Complexity Levels | K14: Level 3 | L14: 8-9 | M14: 4 | N14: 120 | O14: =L14 & " fields OR " & M14 & " trans"
B15: Screen complexity can be defined based on the screen's fields OR screen/function's transactions | K15: Level 4 | L15: 10-11 | M15: 5 | N15: 150 | O15: =L15 & " fields OR " & M15 & " trans"
B16: - Transactions can be counted as number of transactions to the database or external systems/subsystems | K16: Level 5 | L16: 12-13 | M16: 6 | N16: 180 | O16: =L16 & " fields OR " & M16 & " trans"
B17: - Fields are screen's actionable components or database table fields; if there are some transactions those are | K17: Level 6 | L17: 14-15 | M17: 7 | N17: 210 | O17: =L17 & " fields OR " & M17 & " trans"
B18: not "related" to any fields, each of those transactions are counted as two fields and add those extra number | K18: Level 7 | L18: >15 | M18: >7 | N18: 240 | O18: =L18 & " fields OR " & M18 & " trans"
B19: to the total number of fields to define the screen/function complexity | K19: *One trans (transactions) = Two fields (actionable screen components)
B20: Complexity Level | C20: Level 1 | D20: Level 2 | E20: Level 3 | F20: Level 4 | G20: Level 5 | H20: Level 6 | I20: Level 7
B21: No of transactions (to database, external,..) | C21: 2 | D21: 3 | E21: 4 | F21: 5 | G21: 6 | H21: 7 | I21: >7
C22: One transaction can be converted as two actionable fields
B23: OR: no of fields | C23: 3-5 | D23: 6-7 | E23: 8-9 | F23: 10-11 | G23: 12-13 | H23: 14-15 | I23: >15
B25: Screen/Function Quality Levels & LOC Evaluation Rate
B26: Level | C26: Rate | D26: Notes
B27: L1_Happy Cases | C27: 0.5 | D27: The screen/function is workable, all happy cases are included
B28: L2_All Cases | C28: 0.75 | D28: The screen/function is workable with both happy and unhappy cases included
B29: L3_Optimized | C29: 1 | D29: All happy & unhappy cases included + the function/screen is optimized in term of UX and and business logics (suitability to real-world use cases)
B31: Some samples of screen complexity defining are as following
B32: Sample #1 | K32: Sample #2
B45: Sample #3
